day_of_month,first_name,last_name,email,product,price,destination
15,Michele,Jaggs,mjaggs0@drupal.org,Beans - Kidney White,$21.28,New York
9,Theadora,Muspratt,tmuspratt1@ifeng.com,Shiro Miso,$26.22,London
20,Patton,Cluderay,pcluderay2@cnet.com,V8 - Berry Blend,$28.48,Perth
5,Sibyl,Skingle,sskingle3@theguardian.com,Kale - Red,$8.52,Paris
12,Grazia,Brodie,gbrodie4@ezinearticles.com,"Bread - Crumbs, Bulk",$27.56,Edinburgh
12,Lorie,Koopman,lkoopman5@uiuc.edu,Mackerel Whole Fresh,$11.92,New York
19,Eward,Charter,echarter6@google.de,Smoked Paprika,$47.90,Perth
19,Sonya,Alfonsini,salfonsini7@spiegel.de,Pear - Halves,$22.14,Paris
14,Ginger,Teague,gteague8@issuu.com,Hipnotiq Liquor,$13.20,London
11,Mitch,Ferreira,mferreira9@prlog.org,Alize Gold Passion,$0.60,London
24,Britt,Achrameev,bachrameeva@webeden.co.uk,Squid - U - 10 Thailand,$34.49,Perth
3,Lida,Jarrell,ljarrellb@squarespace.com,Wine - Ruffino Chianti Classico,$19.92,New York
17,Jolynn,Keir,jkeirc@paginegialle.it,Soup - French Onion,$16.33,London
8,Romy,Lafontaine,rlafontained@zimbio.com,"Pork - Tenderloin, Frozen",$21.96,New York
30,Gael,Million,gmillione@acquirethisname.com,"Veal - Brisket, Provimi, Bone - In",$27.34,Paris
30,Geno,Olifaunt,golifauntf@shutterfly.com,Bread Crumbs - Panko,$33.67,New York
11,Brittan,Pearse,bpearseg@yellowpages.com,Cheese - Parmigiano Reggiano,$46.82,London
11,Elysha,Woolbrook,ewoolbrookh@reddit.com,Herb Du Provence - Primerba,$27.60,Perth
30,Marlon,Legat,mlegati@about.me,Beans - Kidney White,$31.60,Paris
10,George,Sheridan,gsheridanj@flavors.me,Beef - Top Sirloin,$14.83,Edinburgh
22,Derk,Indge,dindgek@altervista.org,Beer - Blue,$20.27,New York
9,Cate,Welden,cweldenl@eventbrite.com,Wine - Zonnebloem Pinotage,$22.82,Perth
12,Earle,Skill,eskillm@xinhuanet.com,"Nut - Walnut, Chopped",$6.16,Paris
10,Hillel,Fay,hfayn@g.co,Cleaner - Pine Sol,$17.40,London
6,Minnie,Tallyn,mtallyno@instagram.com,Wine - Malbec Trapiche Reserve,$6.12,London
15,Melissa,Finder,mfinderp@networksolutions.com,"Nut - Walnut, Pieces",$10.72,Perth
13,Jenelle,Ladlow,jladlowq@oracle.com,Soup - Campbells Beef Stew,$19.75,New York
15,Rockie,Sullivan,rsullivanr@themeforest.net,Juice - Ocean Spray Cranberry,$47.21,New York
28,Joeann,Dine-Hart,jdineharts@fema.gov,Beef - Tenderloin Tails,$8.99,London
11,Claiborn,Kaemena,ckaemenat@elegantthemes.com,"Tea - Darjeeling, Azzura",$5.18,Perth
28,Loise,Somersett,lsomersettu@yolasite.com,Longos - Grilled Veg Sandwiches,$11.22,Paris
25,Baudoin,Butte,bbuttev@wikipedia.org,Bagel - Sesame Seed Presliced,$9.28,Edinburgh
8,Rorke,Moiser,rmoiserw@themeforest.net,Apple - Custard,$48.81,New York
21,Meredithe,Reggio,mreggiox@fotki.com,Lamb - Shanks,$2.81,Perth
9,Devin,Partlett,dpartletty@businesswire.com,Crab Brie In Phyllo,$51.70,Paris
15,Shandeigh,O'Cosgra,socosgraz@istockphoto.com,"Fish - Soup Base, Bouillon",$3.85,London
11,Ivory,Ayris,iayris10@printfriendly.com,Muskox - French Rack,$2.56,London
6,Abbe,Nazer,anazer11@uiuc.edu,Nougat - Paste / Cream,$38.68,Perth
22,Chiarra,Claeskens,cclaeskens12@mozilla.com,Snails - Large Canned,$6.47,New York
12,Leela,Splaven,lsplaven13@constantcontact.com,Bread - Rosemary Focaccia,$9.06,London
31,Cale,Bladge,cbladge14@mtv.com,Plasticspoonblack,$30.40,New York
2,Spencer,Jacmar,sjacmar15@cyberchimps.com,Wine - Gato Negro Cabernet,$42.04,Paris
4,Zarah,Beldam,zbeldam16@symantec.com,"Artichoke - Bottom, Canned",$37.63,New York
13,Barbee,Lasslett,blasslett17@oracle.com,Nut - Macadamia,$11.39,London
26,Avery,Rosenfeld,arosenfeld18@wisc.edu,Drambuie,$38.37,Perth
22,Paloma,Billingsly,pbillingsly19@symantec.com,Chutney Sauce - Mango,$47.36,Paris
27,Kort,Collelton,kcollelton1a@studiopress.com,Cookie Dough - Chunky,$22.04,Edinburgh
22,Cristionna,Gaucher,cgaucher1b@hao123.com,Cardamon Ground,$33.05,New York
23,Jillie,Labbez,jlabbez1c@blogspot.com,Tea - Earl Grey,$26.92,Perth
15,Hortense,Gisborne,hgisborne1d@wikimedia.org,Soup V8 Roasted Red Pepper,$21.72,Paris
3,Lanie,Holwell,lholwell1e@constantcontact.com,Tarragon - Fresh,$52.16,London
17,Betteann,Ferrone,bferrone1f@myspace.com,Butcher Twine 4r,$20.99,London
9,Sibella,Ramsier,sramsier1g@aboutads.info,Bread - Frozen Basket Variety,$18.85,Perth
25,Lilla,Vigneron,lvigneron1h@51.la,"Water - Mineral, Carbonated",$46.66,New York
12,Harry,Stivens,hstivens1i@omniture.com,Coffee - Espresso,$43.35,London
7,Lawton,Van der Hoven,lvanderhoven1j@guardian.co.uk,Pepper - Cubanelle,$49.63,New York
23,Ario,Swafield,aswafield1k@europa.eu,Bread - Mini Hamburger Bun,$1.90,Paris
16,Merry,Crepin,mcrepin1l@wisc.edu,Tuna - Fresh,$41.22,New York
28,Christa,Jacobsz,cjacobsz1m@japanpost.jp,French Pastry - Mini Chocolate,$57.99,London
9,Dorena,Luppitt,dluppitt1n@zimbio.com,"Beans - Black Bean, Dry",$39.73,Perth
28,Patin,Mell,pmell1o@taobao.com,Bread - Mini Hamburger Bun,$57.92,Paris
13,Nessa,Wren,nwren1p@twitpic.com,Bag - Regular Kraft 20 Lb,$31.73,Edinburgh
19,Jacquenette,MacAlees,jmacalees1q@pagesperso-orange.fr,Salt - Celery,$28.82,New York
19,Cthrine,Willox,cwillox1r@shinystat.com,Beef Dry Aged Tenderloin Aaa,$16.07,Perth
28,Augustine,Matousek,amatousek1s@umich.edu,Mackerel Whole Fresh,$21.48,Paris
20,Kare,Popham,kpopham1t@bbb.org,Soup - Campbells Broccoli,$16.77,London
19,Nelli,Bernardeschi,nbernardeschi1u@sciencedirect.com,Ice Cream - Turtles Stick Bar,$45.10,London
27,Waldo,Dundridge,wdundridge1v@latimes.com,"Rice Pilaf, Dry,package",$13.87,Perth
22,Adiana,Lazenbury,alazenbury1w@tmall.com,Wine - Toasted Head,$1.22,New York
21,Marshal,Ingarfill,mingarfill1x@dedecms.com,"Yogurt - Banana, 175 Gr",$53.27,London
10,Nicoli,Zanetto,nzanetto1y@ebay.co.uk,"Sauce - Black Current, Dry Mix",$54.75,New York
29,Nichole,Koppke,nkoppke1z@liveinternet.ru,Cake - Box Window 10x10x2.5,$16.45,Paris
28,Tracee,Schild,tschild20@icq.com,Table Cloth 81x81 White,$13.24,New York
1,Shea,Lowless,slowless21@ox.ac.uk,Pepsi - 600ml,$1.72,London
2,Anselma,Hawkwood,ahawkwood22@xrea.com,Halibut - Steaks,$59.44,Perth
25,Bentlee,Dionisetti,bdionisetti23@naver.com,Muffin - Mix - Mango Sour Cherry,$45.35,Paris
29,Halimeda,Van Niekerk,hvanniekerk24@paginegialle.it,Yogurt - Assorted Pack,$5.74,Edinburgh
12,Evita,Caroline,ecaroline25@vk.com,Flour - Cake,$3.30,New York
20,Lennie,Wallbutton,lwallbutton26@quantcast.com,Pastry - Cherry Danish - Mini,$11.83,Perth
8,Lilllie,Branton,lbranton27@sakura.ne.jp,Ostrich - Fan Fillet,$54.13,Paris
6,Garvy,Jenney,gjenney28@chron.com,Chicken - Whole Fryers,$54.83,London
12,Vyky,Leatherland,vleatherland29@washingtonpost.com,Irish Cream - Baileys,$29.31,London
27,Vassily,Casellas,vcasellas2a@cnet.com,Venison - Ground,$1.73,Perth
1,Theadora,Jervoise,tjervoise2b@independent.co.uk,Pork - Backfat,$18.80,New York
20,Denver,Kretschmer,dkretschmer2c@smh.com.au,Flour - Fast / Rapid,$55.35,London
13,Tiebout,Vodden,tvodden2d@house.gov,Foam Espresso Cup Plain White,$34.04,New York
6,Pavia,Dederich,pdederich2e@jalbum.net,Sterno - Chafing Dish Fuel,$12.09,Paris
21,Mireielle,Posten,mposten2f@facebook.com,Turkey - Ground. Lean,$41.70,Perth
31,Charis,Aughtie,caughtie2g@over-blog.com,"Water, Tap",$23.02,Paris
29,Nola,Kidstone,nkidstone2h@arstechnica.com,Coffee Guatemala Dark,$19.65,New York
13,Tyne,Crowd,tcrowd2i@ucoz.ru,Sherry - Dry,$53.97,London
8,Maurits,Klemencic,mklemencic2j@shutterfly.com,Taro Root,$3.76,Perth
8,Emlyn,Whitear,ewhitear2k@marriott.com,Cheese - Blue,$32.06,Paris
8,Deloria,Ainger,dainger2l@about.me,Tea - Lemon Scented,$25.85,Edinburgh
24,Cyrille,Rattry,crattry2m@alibaba.com,"Lamb - Leg, Diced",$18.34,New York
23,Daryl,Lamburn,dlamburn2n@paginegialle.it,Chinese Foods - Chicken Wing,$38.65,Perth
13,Cornie,Puttan,cputtan2o@skype.com,Cake - Mini Potato Pancake,$31.40,Paris
10,Delcine,Goodlatt,dgoodlatt2p@state.tx.us,Ice Cream Bar - Rolo Cone,$15.18,London
1,Meris,Minger,mminger2q@goodreads.com,Coffee - Frthy Coffee Crisp,$37.83,London
2,Padget,Oliva,poliva2r@google.com.au,"Bread - Dark Rye, Loaf",$39.54,Perth
16,Giacomo,Dael,gdael2s@kickstarter.com,Steam Pan - Half Size Deep,$2.12,New York
21,Kissie,Fencott,kfencott2t@imgur.com,Wine - Vovray Sec Domaine Huet,$24.22,London
14,Glory,Achromov,gachromov2u@jalbum.net,Sauce Tomato Pouch,$44.23,Perth
25,Franz,Hatterslay,fhatterslay2v@biblegateway.com,Wine - Remy Pannier Rose,$36.74,Paris
17,Wheeler,Gillicuddy,wgillicuddy2w@geocities.com,Ham - Procutinni,$43.15,Edinburgh
30,Yulma,D'orsay,ydorsay2x@eventbrite.com,Quiche Assorted,$22.44,New York
5,Calida,Altofts,caltofts2y@networksolutions.com,Coffee - Hazelnut Cream,$47.65,Perth
19,Roxane,Thomassin,rthomassin2z@flickr.com,Urban Zen Drinks,$18.98,Paris
13,Egan,Seago,eseago30@slashdot.org,Cleaner - Pine Sol,$22.02,London
22,Candide,Foulis,cfoulis31@spotify.com,Vol Au Vents,$56.79,London
4,Regen,Woodyatt,rwoodyatt32@utexas.edu,Soup Campbells Turkey Veg.,$34.48,New York
8,Becca,Izakson,bizakson33@issuu.com,Carrots - Mini Red Organic,$26.32,London
22,Boothe,Boatswain,bboatswain34@printfriendly.com,Stainless Steel Cleaner Vision,$2.39,Perth
6,Adrien,Spencer,aspencer35@cargocollective.com,Sugar - Icing,$19.11,Paris
23,Helyn,Chiechio,hchiechio36@devhub.com,Wine - Winzer Krems Gruner,$2.76,Edinburgh
12,Aristotle,Simenet,asimenet37@livejournal.com,Cabbage - Green,$25.45,New York
14,Winnie,Asple,wasple38@g.co,Lidsoupcont Rp12dn,$32.33,Perth
19,Edvard,Speck,especk39@nyu.edu,Sobe - Orange Carrot,$37.66,Paris
25,Tristam,Hughill,thughill3a@skyrock.com,Tea - Herbal I Love Lemon,$34.07,New York
29,Dur,Overington,doverington3b@yale.edu,Cleaner - Comet,$29.83,London
5,Mahalia,McCulloch,mmcculloch3c@tmall.com,Sauce - Chili,$29.93,Perth
10,Antin,Bockmaster,abockmaster3d@soup.io,Salt - Kosher,$36.20,Paris
20,Lilith,Dillintone,ldillintone3e@mashable.com,Sauce - Balsamic Viniagrette,$13.19,Edinburgh
21,Jinny,Narramor,jnarramor3f@php.net,Soup Campbells Mexicali Tortilla,$40.70,New York
9,Faina,McKnockiter,fmcknockiter3g@kickstarter.com,Beer - Sleemans Honey Brown,$18.73,Perth
5,Waldon,Gossipin,wgossipin3h@printfriendly.com,"Nut - Walnut, Pieces",$16.77,Paris
22,Binky,Tatem,btatem3i@squarespace.com,Grapefruit - White,$28.22,London
13,Jarvis,Pretley,jpretley3j@ebay.co.uk,Coffee - French Vanilla Frothy,$7.08,London
30,Sheilakathryn,Muldowney,smuldowney3k@google.ru,Cake - Cake Sheet Macaroon,$19.27,New York
6,Edouard,Lympenie,elympenie3l@purevolume.com,Muffin Mix - Lemon Cranberry,$11.01,London
27,Allissa,Middlemass,amiddlemass3m@gravatar.com,Cake Slab,$44.61,Perth
9,Tilda,Strapp,tstrapp3n@answers.com,"Soup - Campbells, Minestrone",$40.82,Paris
9,Mersey,Skalls,mskalls3o@deviantart.com,Tart - Raisin And Pecan,$12.04,Edinburgh
10,Sherwood,Bywater,sbywater3p@accuweather.com,"Pepper - White, Ground",$54.80,New York
30,Page,Cowden,pcowden3q@indiatimes.com,Wine - Sicilia Igt Nero Avola,$43.17,Perth
15,Courtney,Lockier,clockier3r@guardian.co.uk,Cake - Miini Cheesecake Cherry,$6.69,New York
7,Trefor,Ramet,tramet3s@google.co.jp,Sausage - Breakfast,$8.47,London
12,Balduin,Hailston,bhailston3t@who.int,Island Oasis - Strawberry,$17.52,Perth
7,Kitty,Dyzart,kdyzart3u@scientificamerican.com,Fondant - Icing,$15.80,Paris
21,Raimundo,Cattrell,rcattrell3v@loc.gov,"Pork - Bacon, Double Smoked",$54.76,Edinburgh
31,Elwyn,Durdy,edurdy3w@mozilla.org,Pastry - Key Limepoppy Seed Tea,$57.94,New York
29,Fleurette,Shiliton,fshiliton3x@ca.gov,Wine - Taylors Reserve,$26.36,London
22,Brett,Yewdell,byewdell3y@bigcartel.com,Salami - Genova,$24.87,Perth
8,Wright,Cauderlie,wcauderlie3z@fc2.com,Fennel - Seeds,$55.01,Paris
31,Tracee,Bloxholm,tbloxholm40@geocities.com,Sea Urchin,$35.91,Edinburgh
16,Jessalyn,Scrigmour,jscrigmour41@salon.com,Glass Clear 7 Oz Xl,$52.64,New York
10,Luce,Trye,ltrye42@scribd.com,Pie Filling - Apple,$21.56,Perth
30,Pauletta,Labbet,plabbet43@si.edu,Bamboo Shoots - Sliced,$52.47,Paris
10,Frazer,Bulcock,fbulcock44@canalblog.com,Table Cloth 62x114 Colour,$57.73,London
19,Wallis,Filyakov,wfilyakov45@istockphoto.com,Lettuce - Boston Bib - Organic,$48.92,London
17,Cyndy,Reinmar,creinmar46@mozilla.org,"Tart Shells - Savory, 2",$52.29,Perth
1,Alysia,Jaumet,ajaumet47@telegraph.co.uk,Aspic - Clear,$51.65,New York
26,Eldin,Kinchlea,ekinchlea48@unesco.org,Water - Spring 1.5lit,$55.07,London
13,Matilde,Trosdall,mtrosdall49@illinois.edu,Spinach - Frozen,$29.26,Perth
5,Garry,O'Leahy,goleahy4a@ibm.com,Pepper - Green Thai,$2.31,Paris
6,Ingemar,McMonnies,imcmonnies4b@blogtalkradio.com,Pasta - Fusili Tri - Coloured,$43.19,Edinburgh
27,Rupert,De Bischof,rdebischof4c@ameblo.jp,Wine - Sawmill Creek Autumn,$18.68,New York
24,Rollo,McLelland,rmclelland4d@simplemachines.org,Beef - Rib Eye Aaa,$18.52,Perth
2,Fabiano,Conisbee,fconisbee4e@furl.net,Puree - Blackcurrant,$9.77,New York
9,Reggy,Headings,rheadings4f@soup.io,"Coconut - Shredded, Sweet",$56.22,London
7,Trish,Ludman,tludman4g@wikispaces.com,Pork - Bacon Cooked Slcd,$53.78,Perth
25,Alyssa,Grzegorzewicz,agrzegorzewicz4h@census.gov,Bag Stand,$53.94,Paris
1,Dur,Milborn,dmilborn4i@abc.net.au,Wine - Duboeuf Beaujolais,$6.54,Edinburgh
7,Lowrance,Antunez,lantunez4j@imgur.com,Broom - Angled,$39.75,New York
26,Trude,Blaver,tblaver4k@accuweather.com,"Mustard - Dry, Powder",$26.47,New York
18,Greggory,Goosey,ggoosey4l@vimeo.com,Puree - Blackcurrant,$33.33,London
17,Connie,Bedingfield,cbedingfield4m@vinaora.com,Hipnotiq Liquor,$4.82,Perth
17,Elizabeth,Whitford,ewhitford4n@jalbum.net,"Wine - Cahors Ac 2000, Clos",$5.27,Paris
6,Leanor,Field,lfield4o@jimdo.com,Wine - Jafflin Bourgongone,$28.67,Edinburgh
25,Yvette,Mibourne,ymibourne4p@photobucket.com,Tray - 12in Rnd Blk,$19.14,New York
1,Karlan,Tolomei,ktolomei4q@phoca.cz,Liquid Aminios Acid - Braggs,$38.15,Perth
16,Electra,Emms,eemms4r@homestead.com,Wine - Magnotta - Cab Franc,$13.68,Paris
13,Lillian,Biasio,lbiasio4s@moonfruit.com,Beer - Original Organic Lager,$34.75,London
25,Janelle,Sarll,jsarll4t@studiopress.com,Venison - Liver,$51.84,London
3,Vaughan,Mizzen,vmizzen4u@blogs.com,Bag - Clear 7 Lb,$58.48,Perth
14,Matty,Angove,mangove4v@businessweek.com,Muffin Batt - Ban Dream Zero,$14.03,New York
1,Anthony,Essel,aessel4w@smugmug.com,Vinegar - Champagne,$26.82,London
27,Shane,Bresson,sbresson4x@omniture.com,Ecolab - Balanced Fusion,$16.68,New York
10,Adina,Cornwall,acornwall4y@gov.uk,Yams,$2.16,Paris
22,Gusti,Shepherdson,gshepherdson4z@google.com,Longos - Burritos,$53.68,New York
15,Fania,Magenny,fmagenny50@gnu.org,Cranberry Foccacia,$56.32,London
26,Natty,McMychem,nmcmychem51@yolasite.com,Cookie Dough - Chunky,$26.11,Perth
31,Reeta,Sterland,rsterland52@shop-pro.jp,Ecolab Digiclean Mild Fm,$42.09,Paris
30,Obediah,Toffanelli,otoffanelli53@buzzfeed.com,"Wine - Red, Antinori Santa",$55.62,Edinburgh
9,Denney,Wearne,dwearne54@mozilla.com,Sardines,$38.58,New York
7,Fredric,Dallimare,fdallimare55@businesswire.com,Bread - Petit Baguette,$10.86,Perth
21,Dan,Nottram,dnottram56@yolasite.com,Flour Pastry Super Fine,$5.26,Paris
6,Perceval,Scutchin,pscutchin57@tripadvisor.com,"Sprite, Diet - 355ml",$15.72,London
10,Conan,Karys,ckarys58@shutterfly.com,Corn Shoots,$58.82,London
1,Jeniece,Dumbrall,jdumbrall59@cargocollective.com,Goldschalger,$9.40,Perth
1,Aldis,Hunsworth,ahunsworth5a@surveymonkey.com,Sage - Fresh,$29.54,New York
7,Sebastian,Thumann,sthumann5b@vistaprint.com,Pastry - French Mini Assorted,$10.21,London
23,Dolli,Moogan,dmoogan5c@xing.com,Puree - Kiwi,$2.12,New York
6,Gaile,Antognozzii,gantognozzii5d@bizjournals.com,Beef - Tenderloin Tails,$2.36,New York
6,Andrej,Wakley,awakley5e@unicef.org,Chick Peas - Dried,$53.35,London
26,Nate,Brainsby,nbrainsby5f@yale.edu,"Pork - Chop, Frenched",$54.00,Perth
5,Sayres,Sellars,ssellars5g@a8.net,Lettuce - Arugula,$59.64,Paris
16,Sigismondo,Callaghan,scallaghan5h@scribd.com,"Wine - Red, Cabernet Merlot",$43.77,Edinburgh
26,Arny,Millmoe,amillmoe5i@blogs.com,Pomegranates,$32.63,New York
29,Mill,Screach,mscreach5j@163.com,Wine - Vineland Estate Semi - Dry,$55.43,Perth
6,Ofella,Trollope,otrollope5k@elpais.com,Bacon Strip Precooked,$29.77,Paris
23,Viole,Reditt,vreditt5l@dell.com,Madeira,$33.24,London
15,Dione,Morales,dmorales5m@posterous.com,Cake - Lemon Chiffon,$58.33,London
2,Patricia,O' Scallan,poscallan5n@barnesandnoble.com,Straw - Regular,$10.57,Perth
11,Iorgos,Thyng,ithyng5o@parallels.com,"Juice - Tomato, 48 Oz",$38.82,New York
27,Lissie,Poyntz,lpoyntz5p@microsoft.com,"Mushroom - Trumpet, Dry",$24.51,London
22,Chrissy,Tunna,ctunna5q@storify.com,"Beef - Tenderlion, Center Cut",$29.63,New York
12,Haleigh,Fellgatt,hfellgatt5r@pen.io,"Sauce - Soya, Dark",$16.14,Paris
11,Charlene,Matelyunas,cmatelyunas5s@wsj.com,"Sugar - Brown, Individual",$49.01,New York
20,Alejoa,Joliffe,ajoliffe5t@vk.com,Quail Eggs - Canned,$19.91,London
28,Milton,Winchcum,mwinchcum5u@about.com,Soup - Verve - Chipotle Chicken,$55.38,Perth
6,Vinson,Regitz,vregitz5v@tripadvisor.com,Pepper Squash,$19.69,Paris
31,Adan,Stote,astote5w@baidu.com,Pork - Backs - Boneless,$36.04,Edinburgh
17,Maddie,Rittmeier,mrittmeier5x@earthlink.net,Spice - Peppercorn Melange,$9.00,New York
10,Olenolin,Muir,omuir5y@amazon.co.jp,Octopus,$47.46,Perth
30,Ezequiel,Dauby,edauby5z@wordpress.com,Wine - Muscadet Sur Lie,$52.50,Paris
9,Reinwald,Jobin,rjobin60@earthlink.net,Cup Translucent 9 Oz,$34.23,London
10,Judd,Bavridge,jbavridge61@storify.com,Wine - Chateauneuf Du Pape,$52.76,London
5,Kelcie,Knowlton,kknowlton62@feedburner.com,"Clams - Littleneck, Whole",$17.51,Perth
17,Josie,Averies,javeries63@china.com.cn,Shrimp - Black Tiger 13/15,$44.37,New York
16,Demeter,Winkless,dwinkless64@bbb.org,Chocolate - White,$7.29,London
17,Chandal,McLise,cmclise65@sohu.com,Veal - Kidney,$19.21,New York
16,Dudley,Trim,dtrim66@netvibes.com,Coriander - Ground,$41.26,Paris
5,Haily,Raffles,hraffles67@guardian.co.uk,Wine - Alsace Gewurztraminer,$58.58,New York
19,Cherin,Sewell,csewell68@goo.gl,"Chocolate - Pistoles, White",$20.64,London
3,Ashia,Stannislawski,astannislawski69@ocn.ne.jp,Bagel - Whole White Sesame,$42.33,Perth
29,Wallace,Labden,wlabden6a@wp.com,Cheese - Comtomme,$22.03,Paris
20,Gina,Buske,gbuske6b@umn.edu,Apron,$6.50,Edinburgh
22,Terry,O'Lenechan,tolenechan6c@nhs.uk,The Pop Shoppe Pinapple,$28.27,New York
5,Hewie,Hew,hhew6d@newyorker.com,Eggplant Italian,$57.57,Perth
20,Madeleine,Brimner,mbrimner6e@wordpress.org,"Cake Circle, Paprus",$2.61,Paris
13,Gavrielle,Fourman,gfourman6f@mail.ru,Cheese - Comte,$6.12,London
12,Olivier,Dayer,odayer6g@topsy.com,Mortadella,$18.79,London
16,Goran,Coulter,gcoulter6h@bloglines.com,"Tuna - Canned, Flaked, Light",$47.74,Perth
31,Cristionna,Jales,cjales6i@howstuffworks.com,Flower - Leather Leaf Fern,$41.51,New York
9,Jackelyn,Secret,jsecret6j@imgur.com,"Pasta - Lasagna Noodle, Frozen",$34.89,New York
25,Corabelle,Nolleau,cnolleau6k@i2i.jp,Ostrich - Fan Fillet,$25.44,London
18,Merell,Bushel,mbushel6l@prlog.org,Sausage - Blood Pudding,$6.24,Perth
28,Frankie,Drohun,fdrohun6m@printfriendly.com,"Wine - White, Chardonnay",$2.09,Paris
31,Pamela,Victor,pvictor6n@twitter.com,Puree - Strawberry,$24.82,Edinburgh
3,Tobin,Baress,tbaress6o@unblog.fr,Wine - Carmenere Casillero Del,$31.36,New York
5,Jereme,Hawkshaw,jhawkshaw6p@canalblog.com,"Chilli Paste, Hot Sambal Oelek",$1.51,Perth
27,Cinda,Hedden,chedden6q@cbslocal.com,Napkin White - Starched,$24.57,Paris
1,Jade,Lemmen,jlemmen6r@ox.ac.uk,Compound - Passion Fruit,$31.61,London
2,Ardella,Gook,agook6s@plala.or.jp,Muffin Batt - Blueberry Passion,$6.45,London
16,Vivienne,Ranshaw,vranshaw6t@amazonaws.com,Tea - Camomele,$2.97,Perth
23,Petronille,Ambrogioni,pambrogioni6u@earthlink.net,Ecolab - Hand Soap Form Antibac,$8.86,New York
8,Fawne,Howick,fhowick6v@washingtonpost.com,"Wine - White, Lindemans Bin 95",$11.61,London
24,Dot,Pinchin,dpinchin6w@unesco.org,Longos - Cheese Tortellini,$5.71,New York
19,Bernard,Myatt,bmyatt6x@freewebs.com,Lamb - Loin Chops,$37.47,Paris
13,Davita,Gabbott,dgabbott6y@wunderground.com,Carbonated Water - Wildberry,$30.53,New York
10,Ernesto,Janik,ejanik6z@ox.ac.uk,"Turkey - Breast, Double",$29.24,London
13,Carena,Lightbown,clightbown70@xrea.com,"Asparagus - White, Fresh",$55.28,Perth
25,Adair,Beardow,abeardow71@jugem.jp,Puree - Blackcurrant,$8.79,Paris
21,Jerrome,Toyer,jtoyer72@virginia.edu,Red Currants,$21.16,Edinburgh
15,Jess,Hallwood,jhallwood73@disqus.com,Cookies Cereal Nut,$38.93,New York
15,Ayn,Nono,anono74@woothemes.com,Ecolab Digiclean Mild Fm,$19.39,Perth
30,Dallas,Kairns,dkairns75@opera.com,"Cheese - Cheddar, Old White",$42.52,Paris
18,Susann,Taylerson,staylerson76@nsw.gov.au,Chef Hat 25cm,$58.45,London
9,Prescott,Russen,prussen77@tinyurl.com,Apples - Sliced / Wedge,$25.86,London
24,Jerry,Eberlein,jeberlein78@4shared.com,Alize Red Passion,$32.90,Perth
15,Giorgia,Meacher,gmeacher79@pinterest.com,Fudge - Chocolate Fudge,$38.76,New York
21,Shurlocke,Peltz,speltz7a@mozilla.org,"Tabasco Sauce, 2 Oz",$28.16,London
13,Marge,Soreau,msoreau7b@theatlantic.com,"Juice - Cranberry, 341 Ml",$33.36,New York
2,Durante,Daborn,ddaborn7c@desdev.cn,Wine - Balbach Riverside,$44.64,Paris
27,Ingaborg,Neachell,ineachell7d@cnbc.com,Juice - Lime,$58.40,New York
6,Audre,Kaemena,akaemena7e@macromedia.com,"Salmon - Smoked, Sliced",$48.70,London
10,Lowe,MacAllister,lmacallister7f@devhub.com,"Wine - Red, Lurton Merlot De",$15.59,Perth
17,Rafe,Toyer,rtoyer7g@parallels.com,Berry Brulee,$13.76,Paris
27,Fifine,Simukov,fsimukov7h@netscape.com,Strawberries,$17.66,Edinburgh
21,Cristabel,Downs,cdowns7i@weibo.com,Danishes - Mini Cheese,$5.88,New York
4,Raven,Featherston,rfeatherston7j@cargocollective.com,Sugar - Splenda Sweetener,$33.34,Perth
28,Samantha,Fingleton,sfingleton7k@joomla.org,Ice Cream Bar - Oreo Sandwich,$38.02,Paris
30,Derrek,Style,dstyle7l@ezinearticles.com,Sprouts - Brussel,$57.11,London
20,Ransom,Thurner,rthurner7m@eepurl.com,Muffin Orange Individual,$39.25,London
16,Berthe,Pearlman,bpearlman7n@sina.com.cn,"Wine - Sherry Dry Sack, William",$10.68,Perth
15,Giorgi,Dredge,gdredge7o@google.de,Dc Hikiage Hira Huba,$57.64,New York
15,Shawna,Klimes,sklimes7p@abc.net.au,"Bread - White, Unsliced",$0.70,London
3,Laurette,Gentle,lgentle7q@phpbb.com,Cookie - Dough Variety,$20.97,New York
29,Tiphanie,Karran,tkarran7r@msu.edu,Beer - Camerons Cream Ale,$43.23,Paris
1,Padget,Vernham,pvernham7s@oaic.gov.au,Wine - Casillero Deldiablo,$38.28,New York
7,Bonny,Galey,bgaley7t@vinaora.com,"Pepper - Chillies, Crushed",$6.96,London
26,Bendicty,Adamsky,badamsky7u@mapquest.com,Grapes - Red,$2.01,Perth
9,Orren,McLeman,omcleman7v@infoseek.co.jp,Muffin Mix - Banana Nut,$22.92,Paris
17,Rory,Lackemann,rlackemann7w@friendfeed.com,Veal - Knuckle,$40.32,Edinburgh
31,Krissie,Blowers,kblowers7x@scientificamerican.com,"Stock - Chicken, White",$54.08,New York
29,Abbott,Seyfart,aseyfart7y@twitter.com,"Pail - 15l White, With Handle",$36.59,Perth
9,Leslie,Fonquernie,lfonquernie7z@geocities.jp,"Chocolate - Semi Sweet, Calets",$41.05,Paris
19,Lexis,Lansdowne,llansdowne80@washington.edu,Red Pepper Paste,$48.07,London
20,Dinny,Stanworth,dstanworth81@yellowbook.com,Cornish Hen,$21.35,London
26,Clo,Drain,cdrain82@ask.com,Juice - Lemon,$29.15,Perth
4,Teodora,Befroy,tbefroy83@army.mil,Lettuce - Iceberg,$36.85,New York
7,Clarabelle,Tiron,ctiron84@pagesperso-orange.fr,Straws - Cocktale,$5.23,London
20,Barthel,Bhatia,bbhatia85@furl.net,"Carrots - Mini, Stem On",$32.16,New York
9,Lewes,Langmead,llangmead86@soundcloud.com,Cup - 4oz Translucent,$29.84,Paris
28,Janie,Riddell,jriddell87@deviantart.com,Honey - Liquid,$17.08,Perth
4,Brianna,Voice,bvoice88@chron.com,V8 - Berry Blend,$24.26,Paris
3,Chiquita,Vedenichev,cvedenichev89@wikia.com,Compound - Strawberry,$4.47,New York
22,Keslie,Agnolo,kagnolo8a@weebly.com,Foie Gras,$41.85,London
23,Darrick,Eastup,deastup8b@canalblog.com,"Brandy - Orange, Mc Guiness",$50.57,Perth
25,Vlad,Skingley,vskingley8c@weibo.com,Fib N9 - Prague Powder,$20.76,Paris
5,Tome,Merfin,tmerfin8d@goo.ne.jp,Knife Plastic - White,$25.30,Edinburgh
20,Agosto,Geane,ageane8e@deviantart.com,Roe - White Fish,$5.42,New York
27,Burke,Heineken,bheineken8f@about.com,Wine - Rosso Toscano Igt,$2.44,Perth
11,Pauly,Fatharly,pfatharly8g@de.vu,Veal - Ground,$32.33,Paris
16,Rogers,Cuddon,rcuddon8h@dmoz.org,Lobster - Tail 6 Oz,$3.33,London
30,Dexter,Redsull,dredsull8i@google.com,Cheese - Victor Et Berthold,$46.20,London
10,Francis,Sammars,fsammars8j@nydailynews.com,Lid - 16 Oz And 32 Oz,$48.95,Perth
23,Val,Emps,vemps8k@goo.ne.jp,"Wine - White, Schroder And Schyl",$34.86,New York
5,Urbano,O'Dyvoy,uodyvoy8l@google.com.au,Dehydrated Kelp Kombo,$48.87,London
3,Drusie,Fillery,dfillery8m@newsvine.com,Sausage - Meat,$45.69,Perth
1,Basilio,Fesby,bfesby8n@gmpg.org,Buffalo - Short Rib Fresh,$16.46,Paris
3,Raymund,Toothill,rtoothill8o@google.it,Beer - Corona,$3.27,Edinburgh
21,Aaron,Abys,aabys8p@devhub.com,Evaporated Milk - Skim,$57.37,New York
11,Vinnie,McGown,vmcgown8q@springer.com,Nut - Pumpkin Seeds,$18.26,Perth
1,Shanon,Tetsall,stetsall8r@cisco.com,Lobster - Live,$44.85,Paris
30,Joellen,Tesimon,jtesimon8s@samsung.com,Bread - 10 Grain,$54.40,London
28,Mikol,Dran,mdran8t@dropbox.com,Ice Cream Bar - Oreo Sandwich,$21.09,London
19,Maisey,Corkett,mcorkett8u@goodreads.com,"Juice - Grapefruit, 341 Ml",$1.61,New York
5,Frederique,Gumbrell,fgumbrell8v@state.gov,Soup - French Can Pea,$28.89,London
13,Lesli,Grundy,lgrundy8w@vimeo.com,"Doilies - 5, Paper",$45.56,Perth
29,Chaim,Proudman,cproudman8x@weebly.com,Lettuce - Boston Bib - Organic,$5.03,Paris
26,Warren,Bleas,wbleas8y@nps.gov,Truffle Cups - White Paper,$11.99,Edinburgh
10,Hattie,Fairlaw,hfairlaw8z@goo.gl,Beef - Ox Tongue,$52.52,New York
18,Danell,Howchin,dhowchin90@zdnet.com,Cherries - Fresh,$51.17,Perth
16,Jermain,Simonnin,jsimonnin91@springer.com,Veal - Insides Provini,$50.08,Paris
22,Nicky,Scurman,nscurman92@myspace.com,Beef - Eye Of Round,$49.68,New York
26,Gisela,Pudney,gpudney93@loc.gov,Rum - Mount Gay Eclipes,$38.68,London
13,Appolonia,Ducket,aducket94@zdnet.com,Tray - 12in Rnd Blk,$44.52,Perth
8,Lanae,Currm,lcurrm95@illinois.edu,Trout Rainbow Whole,$40.88,Paris
12,Margret,Barnewell,mbarnewell96@techcrunch.com,Cookies - Englishbay Chochip,$9.01,Edinburgh
5,Spike,Galliard,sgalliard97@nih.gov,Port - 74 Brights,$41.07,New York
18,Nickolas,McGarry,nmcgarry98@hao123.com,Sardines,$56.79,Perth
6,Marlee,Gaunter,mgaunter99@thetimes.co.uk,"Wine - Red, Mouton Cadet",$22.21,Paris
5,Lane,Bondesen,lbondesen9a@ucoz.com,Tea - Lemon Green Tea,$52.75,London
17,Gamaliel,Haigh,ghaigh9b@imgur.com,Anchovy In Oil,$38.49,London
11,Sibley,Cleminshaw,scleminshaw9c@dailymotion.com,Beef - Prime Rib Aaa,$55.41,New York
31,Granger,Flowith,gflowith9d@mapquest.com,"Stock - Beef, White",$2.35,London
9,Ignatius,Cottrell,icottrell9e@bravesites.com,Amaretto,$16.89,Perth
28,Michele,Stollberg,mstollberg9f@amazon.co.jp,Whmis - Spray Bottle Trigger,$45.38,Paris
27,Magda,Surguine,msurguine9g@earthlink.net,"Trout - Rainbow, Fresh",$36.43,Edinburgh
6,Clemmie,Ethelstone,cethelstone9h@creativecommons.org,"Soup - Campbells, Butternut",$8.27,New York
9,Margarete,Rosenblatt,mrosenblatt9i@upenn.edu,"Liners - Banana, Paper",$40.46,Perth
29,Hardy,Lidden,hlidden9j@chron.com,Nougat - Paste / Cream,$18.05,New York
12,Marwin,Barnwill,mbarnwill9k@ucla.edu,Sauce - Alfredo,$37.84,London
5,Dorris,Plester,dplester9l@ovh.net,Pork - Suckling Pig,$57.66,Perth
24,Alexandros,Benettini,abenettini9m@unblog.fr,Shopper Bag - S - 4,$46.52,Paris
25,Antonia,Ferrai,aferrai9n@123-reg.co.uk,"Cheese - Mozzarella, Shredded",$28.76,Edinburgh
15,Dasie,Rudsdell,drudsdell9o@hao123.com,"Pork - Bacon, Double Smoked",$22.12,New York
4,Aeriel,Roakes,aroakes9p@apple.com,Lettuce - Radicchio,$9.13,London
20,Paulo,Ioannidis,pioannidis9q@constantcontact.com,Orange - Tangerine,$55.45,Perth
6,Jerrilyn,Highton,jhighton9r@businessinsider.com,Beef - Top Butt,$52.79,Paris
3,Cassey,Gepson,cgepson9s@shutterfly.com,Snapple Lemon Tea,$34.50,Edinburgh
18,Shelden,Abade,sabade9t@tumblr.com,Water - Green Tea Refresher,$23.46,New York
20,Dyann,Richardon,drichardon9u@1688.com,Soup - Campbells Chili,$43.31,Perth
2,Mahala,Schoffel,mschoffel9v@nature.com,Flour - Strong Pizza,$11.17,Paris
31,Othilie,Gillon,ogillon9w@alexa.com,Bagel - 12 Grain Preslice,$7.16,London
11,Terrance,Well,twell9x@studiopress.com,Bagel - Everything,$41.70,London
8,Gilburt,Byforth,gbyforth9y@cnbc.com,Oil - Shortening - All - Purpose,$45.31,Perth
17,Wolfgang,Whitcher,wwhitcher9z@tripod.com,Oats Large Flake,$12.66,New York
17,Shandie,Wahlberg,swahlberga0@alibaba.com,Blouse / Shirt / Sweater,$44.66,London
21,Stella,Chatten,schattena1@nba.com,Spaghetti Squash,$50.76,Perth
18,Anderea,Killeen,akilleena2@java.com,"Cake Circle, Foil, Scallop",$42.03,Paris
29,Heall,Unworth,hunwortha3@ucsd.edu,Venison - Racks Frenched,$19.98,Edinburgh
17,Wat,Penley,wpenleya4@virginia.edu,Soup - Campbells,$17.62,New York
16,Justino,Linnitt,jlinnitta5@princeton.edu,"Octopus - Baby, Cleaned",$36.76,Perth
22,Brenna,Chattelaine,bchattelainea6@omniture.com,Durian Fruit,$20.54,New York
24,Shir,Monshall,smonshalla7@uiuc.edu,Crab - Imitation Flakes,$46.23,London
2,Noell,Menhci,nmenhcia8@discovery.com,Chicken Thigh - Bone Out,$3.46,Perth
10,Elaina,Hundy,ehundya9@prlog.org,Plate Pie Foil,$36.69,Paris
3,Silvester,Sherbrook,ssherbrookaa@zimbio.com,"Lemonade - Mandarin, 591 Ml",$24.65,Edinburgh
18,Jackquelin,Shurman,jshurmanab@usa.gov,Tuna - Loin,$54.35,New York
26,Chaddie,Byrkmyr,cbyrkmyrac@ezinearticles.com,Bacardi Breezer - Strawberry,$46.67,New York
25,Mignonne,MacKain,mmackainad@ocn.ne.jp,Limes,$43.83,London
21,Madel,Di Frisco,mdifriscoae@imageshack.us,Myers Planters Punch,$41.46,Perth
5,Jamie,De Andisie,jdeandisieaf@phpbb.com,Chicken - Whole Roasting,$57.79,Paris
16,Delcine,Angrove,dangroveag@google.cn,Extract - Almond,$32.17,Edinburgh
13,Ortensia,Kerswill,okerswillah@aol.com,Cheese - Bakers Cream Cheese,$22.77,New York
6,Polly,Klaaassen,pklaaassenai@sakura.ne.jp,Milk - Homo,$42.38,Perth
12,Dex,Nary,dnaryaj@indiatimes.com,Wine - Magnotta - Bel Paese White,$20.29,Paris
29,Mayer,Lavrick,mlavrickak@ezinearticles.com,Filter - Coffee,$52.16,London
15,Cornelle,Offell,coffellal@mozilla.com,Fondant - Icing,$15.72,London
25,Loella,Blunsum,lblunsumam@ebay.com,"Pepper - Chillies, Crushed",$38.66,Perth
4,Abbie,Brackpool,abrackpoolan@mozilla.org,Nectarines,$58.24,New York
17,Malory,Canwell,mcanwellao@cam.ac.uk,Beef - Texas Style Burger,$18.49,London
17,Allissa,De Witt,adewittap@dailymail.co.uk,Ocean Spray - Ruby Red,$18.81,New York
20,Pedro,Semeniuk,psemeniukaq@wikia.com,Limes,$56.03,Paris
30,Abbye,Zanini,azaniniar@huffingtonpost.com,Cake - Lemon Chiffon,$19.59,New York
29,Lutero,Haking,lhakingas@wunderground.com,"Pork - Bacon, Sliced",$50.75,London
29,Letizia,Gooderson,lgoodersonat@163.com,Sugar - Splenda Sweetener,$9.01,Perth
1,Jorie,Concklin,jconcklinau@google.com.au,Cheese - Victor Et Berthold,$28.58,Paris
18,Junette,Flecknoe,jflecknoeav@slate.com,Chocolate - Compound Coating,$14.47,Edinburgh
28,Ricard,Prendergrast,rprendergrastaw@linkedin.com,Wine - Vouvray Cuvee Domaine,$35.35,New York
27,Kendre,Dumbelton,kdumbeltonax@earthlink.net,Hot Choc Vending,$45.61,Perth
28,Brinna,Skelly,bskellyay@economist.com,Oil - Peanut,$42.20,Paris
8,Marie,Toplin,mtoplinaz@imgur.com,Muffin - Bran Ind Wrpd,$17.25,London
28,Harbert,Dunbavin,hdunbavinb0@mit.edu,Coffee Caramel Biscotti,$34.22,London
27,Osmund,Woodier,owoodierb1@bing.com,Bacardi Limon,$59.03,Perth
19,Randell,Stede,rstedeb2@usgs.gov,Onions Granulated,$23.68,New York
24,Jayme,Starmore,jstarmoreb3@weibo.com,Anisette - Mcguiness,$31.54,London
30,Brodie,Peppard,bpeppardb4@nydailynews.com,Sauce - Hp,$42.62,New York
18,Gisele,Robbel,grobbelb5@desdev.cn,Sprouts Dikon,$57.81,New York
20,Giacopo,Ridgeway,gridgewayb6@nydailynews.com,"Tomatoes - Vine Ripe, Red",$9.04,London
8,Essy,Muzzi,emuzzib7@bandcamp.com,Gooseberry,$8.95,New York
9,Gordie,Daykin,gdaykinb8@illinois.edu,"Capon - Breast, Double, Wing On",$51.23,London
2,Lucais,Najafian,lnajafianb9@typepad.com,Onions - Vidalia,$13.40,Perth
13,Issy,Goodright,igoodrightba@gov.uk,"Lemonade - Strawberry, 591 Ml",$12.47,Paris
1,Tristam,Fenech,tfenechbb@ted.com,Oil - Canola,$31.80,Edinburgh
11,Natale,Mackerness,nmackernessbc@csmonitor.com,Danishes - Mini Raspberry,$51.22,New York
14,Gualterio,Barks,gbarksbd@angelfire.com,Grapes - Green,$58.27,Perth
28,Marietta,Aronson,maronsonbe@infoseek.co.jp,Pie Pecan,$44.38,Paris
8,Sallyann,Jiroutka,sjiroutkabf@washington.edu,Kiwi Gold Zespri,$8.57,London
30,Bram,Beak,bbeakbg@digg.com,Red Currant Jelly,$7.47,London
21,Edna,Conibere,econiberebh@bigcartel.com,Broccoli - Fresh,$53.61,Perth
21,Bobette,Courtney,bcourtneybi@4shared.com,Coffee - Hazelnut Cream,$56.52,New York
23,Andriana,Allaker,aallakerbj@reverbnation.com,Cod - Fillets,$0.89,London
18,Kimberley,Mates,kmatesbk@amazonaws.com,Salt - Table,$12.27,New York
17,Patrizius,Andreou,pandreoubl@theatlantic.com,Cheese - Pont Couvert,$1.38,Paris
12,Andreana,Wasson,awassonbm@sohu.com,Compound - Rum,$29.08,New York
30,Bobby,Marney,bmarneybn@buzzfeed.com,Energy - Boo - Koo,$51.10,London
26,Ikey,Ghion,ighionbo@vinaora.com,Danishes - Mini Cheese,$20.16,Perth
22,Jasper,Rieflin,jrieflinbp@washington.edu,Cookie Dough - Oatmeal Rasin,$54.90,Paris
25,Ora,Frizell,ofrizellbq@usda.gov,Pastry - Cherry Danish - Mini,$51.91,Edinburgh
19,Orton,Everard,oeverardbr@fema.gov,Veal - Heart,$59.95,New York
26,Rosana,Naseby,rnasebybs@globo.com,"Cheese - Cheddar, Mild",$35.44,Perth
14,Myriam,Kilgallen,mkilgallenbt@webeden.co.uk,Sugar Thermometer,$48.79,Paris
30,Brok,Harcourt,bharcourtbu@mashable.com,Curry Paste - Green Masala,$9.17,London
17,Jock,Leyrroyd,jleyrroydbv@dell.com,Container - Hngd Cll Blk 7x7x3,$4.51,London
29,Alena,Corragan,acorraganbw@mail.ru,Bananas,$55.79,Perth
7,Rex,Pirson,rpirsonbx@nyu.edu,Steampan Lid,$35.20,New York
30,Jeniffer,Hirthe,jhirtheby@nps.gov,Taro Leaves,$53.46,New York
28,Kora,Sichardt,ksichardtbz@gmpg.org,Foil Wrap,$58.31,London
2,Doloritas,Vannoni,dvannonic0@digg.com,"Bread - Pullman, Sliced",$49.23,Perth
21,Ulysses,Brangan,ubranganc1@goo.ne.jp,Bread - White Mini Epi,$58.68,Paris
28,Sergio,Itschakov,sitschakovc2@squarespace.com,Vol Au Vents,$46.69,Edinburgh
9,Bink,Bareham,bbarehamc3@cbsnews.com,Wine - Magnotta - Cab Sauv,$4.73,New York
3,Aindrea,Thirtle,athirtlec4@foxnews.com,Pepper - Cubanelle,$47.33,Perth
5,Kipp,Kneeland,kkneelandc5@miitbeian.gov.cn,Sauce - Hoisin,$56.92,Paris
26,Tommi,Rack,trackc6@google.pl,"Veal - Tenderloin, Untrimmed",$30.09,London
29,Tamarra,Glozman,tglozmanc7@java.com,Salt And Pepper Mix - White,$4.71,London
17,Orion,Stapford,ostapfordc8@ted.com,Pork - Back Ribs,$20.85,Perth
24,Hanna,Molohan,hmolohanc9@ucla.edu,Longos - Chicken Caeser Salad,$25.36,New York
7,Vaclav,Glenn,vglennca@domainmarket.com,Boogies,$54.73,London
1,Alex,Woolmington,awoolmingtoncb@kickstarter.com,Juice - Ocean Spray Kiwi,$29.36,New York
26,Ches,Claesens,cclaesenscc@weibo.com,Bread Base - Italian,$30.00,Paris
11,Rex,O'Keenan,rokeenancd@ftc.gov,Bagelers,$3.81,New York
20,Kalila,Corgenvin,kcorgenvince@toplist.cz,Steampan Lid,$38.86,London
22,Gelya,Tindall,gtindallcf@google.co.jp,Beer - Steamwhistle,$29.80,Perth
11,Ashli,Neubigging,aneubiggingcg@pagesperso-orange.fr,"Rum - Dark, Bacardi, Black",$29.20,Paris
16,Virgina,Vanshin,vvanshinch@phoca.cz,"Wine - Red, Concha Y Toro",$56.72,Edinburgh
25,Marybeth,Basek,mbasekci@apple.com,Bulgar,$32.00,New York
6,Candy,Levee,cleveecj@geocities.com,Sprouts Dikon,$39.87,Perth
30,Dione,Matas,dmatasck@berkeley.edu,Apple - Custard,$5.95,Paris
8,Dalston,Cutsforth,dcutsforthcl@networkadvertising.org,"Squash - Pattypan, Yellow",$24.75,London
30,Benjamen,Goodright,bgoodrightcm@gov.uk,Tea - Decaf Lipton,$48.61,London
27,Ritchie,Issett,rissettcn@alexa.com,Sauce Tomato Pouch,$52.01,Perth
4,Cherri,Jouhan,cjouhanco@utexas.edu,Lemon Balm - Fresh,$50.84,New York
13,Daryle,Ferrolli,dferrollicp@ftc.gov,Cranberry Foccacia,$58.47,London
21,Betsy,Shirtcliffe,bshirtcliffecq@flavors.me,Pork - Back Ribs,$29.07,New York
26,Ibby,Stonelake,istonelakecr@joomla.org,Flour Dark Rye,$5.95,Paris
3,Alexandr,Kytley,akytleycs@hibu.com,Triple Sec - Mcguinness,$10.06,New York
20,Scott,Gillhespy,sgillhespyct@reference.com,Cheese - Bocconcini,$4.92,London
22,Saloma,Rotherham,srotherhamcu@wp.com,Pate Pans Yellow,$20.80,Perth
17,Ewen,Blankman,eblankmancv@msn.com,Spinach - Frozen,$22.97,Paris
17,Frasquito,Meaney,fmeaneycw@sphinn.com,Cloves - Ground,$11.62,Edinburgh
1,Bald,Muslim,bmuslimcx@auda.org.au,Lid Coffeecup 12oz D9542b,$16.92,New York
23,Norbert,Zettoi,nzettoicy@ucla.edu,Wine - Delicato Merlot,$18.54,Perth
20,Aviva,Wingrove,awingrovecz@ning.com,Foil Wrap,$46.50,Paris
24,Onofredo,Huge,ohuged0@nsw.gov.au,Pork - Backs - Boneless,$41.50,London
3,Rodger,Balasini,rbalasinid1@sfgate.com,External Supplier,$15.47,London
19,Connie,Lomasny,clomasnyd2@prweb.com,Cranberry Foccacia,$1.45,Perth
23,Ame,Essame,aessamed3@un.org,Muffin Mix - Banana Nut,$48.06,New York
3,Laney,Youngs,lyoungsd4@mayoclinic.com,Energy Drink,$52.09,London
25,Glenine,Millis,gmillisd5@digg.com,Tea - Black Currant,$6.02,New York
29,Matthiew,Scotfurth,mscotfurthd6@istockphoto.com,Blouse / Shirt / Sweater,$57.39,Paris
5,Samuel,Ricciardelli,sricciardellid7@umich.edu,Yoplait - Strawbrasp Peac,$27.16,New York
17,Hernando,Lempel,hlempeld8@prnewswire.com,Cookie Chocolate Chip With,$24.70,London
5,Oona,Aleevy,oaleevyd9@so-net.ne.jp,Tamarind Paste,$9.35,Perth
2,Bobina,Tabourel,btabourelda@bravesites.com,Ecolab - Balanced Fusion,$18.32,Paris
13,Joelle,Furmage,jfurmagedb@elegantthemes.com,Olives - Kalamata,$45.02,Edinburgh
1,Albie,Iacoviello,aiacoviellodc@mac.com,Lettuce - Curly Endive,$37.33,New York
28,Heda,Maliffe,hmaliffedd@unblog.fr,Truffle Cups - Brown,$3.07,Perth
12,Cece,Shaxby,cshaxbyde@nyu.edu,Coffee Guatemala Dark,$5.04,Paris
5,Stacee,McTrustam,smctrustamdf@google.com.au,Tomatoes - Hot House,$36.60,London
23,Bondie,Joslin,bjoslindg@biglobe.ne.jp,"Wine - White, Antinore Orvieto",$54.59,London
6,Sanderson,McIlvaney,smcilvaneydh@shinystat.com,Beer - Mill St Organic,$16.19,Perth
31,Agace,Sancroft,asancroftdi@spotify.com,Rabbit - Whole,$55.64,New York
17,Sayre,Avieson,saviesondj@ocn.ne.jp,Cumin - Whole,$9.08,London
27,Odilia,Bjerkan,objerkandk@sciencedaily.com,Glaze - Clear,$10.67,New York
25,Julianne,Carthy,jcarthydl@bigcartel.com,Cocoa Butter,$47.72,Paris
16,Cherilynn,Mundford,cmundforddm@tripod.com,Chutney Sauce,$33.33,Perth
20,Wald,Manderson,wmandersondn@wired.com,Wine - Masi Valpolocell,$1.10,Paris
11,Lennard,Tyght,ltyghtdo@delicious.com,Shrimp - Black Tiger 6 - 8,$27.26,New York
21,Konstantine,Nore,knoredp@slashdot.org,Pasta - Canelloni,$25.61,London
5,Norry,Mannock,nmannockdq@taobao.com,"Beef - Ox Tongue, Pickled",$17.00,Perth
7,Kamillah,Borrott,kborrottdr@omniture.com,Oyster - In Shell,$50.58,Paris
17,Hatti,Cantillion,hcantillionds@addthis.com,Wine - Prosecco Valdobienne,$55.87,Edinburgh
24,Guntar,Halvorsen,ghalvorsendt@ocn.ne.jp,Soup - Campbells Beef Stew,$8.94,New York
13,Harriott,Winley,hwinleydu@woothemes.com,"Iced Tea - Lemon, 460 Ml",$39.41,Perth
3,Dallon,Woolen,dwoolendv@tiny.cc,Nori Sea Weed,$58.50,Paris
16,Claudia,Fullilove,cfullilovedw@tumblr.com,Kaffir Lime Leaves,$13.84,London
17,Zara,Wickstead,zwicksteaddx@jimdo.com,"Salmon - Atlantic, Fresh, Whole",$27.20,London
5,Evangelina,Jagielski,ejagielskidy@cafepress.com,Lettuce - Curly Endive,$18.03,Perth
12,Dorella,Sharrocks,dsharrocksdz@businessinsider.com,"Juice - Pineapple, 341 Ml",$7.09,New York
2,Raimundo,Lintill,rlintille0@who.int,Isomalt,$0.39,London
17,Wally,Thorogood,wthorogoode1@4shared.com,Coffee Caramel Biscotti,$19.28,Perth
18,Marion,Dorning,mdorninge2@godaddy.com,"Salmon - Atlantic, Skin On",$1.28,Paris
25,Noam,Maccrae,nmaccraee3@parallels.com,Pepper - Sorrano,$18.90,Edinburgh
10,Cacilie,O'Sharry,cosharrye4@storify.com,Fennel,$16.28,New York
7,Kelley,Hallatt,khallatte5@ocn.ne.jp,Soup Campbells Beef With Veg,$22.85,Perth
2,Delcina,Metson,dmetsone6@deliciousdays.com,Icecream Bar - Del Monte,$5.18,Paris
9,Doris,Shortcliffe,dshortcliffee7@wikia.com,Wood Chips - Regular,$29.71,London
21,Cullin,Standing,cstandinge8@last.fm,Salmon Steak - Cohoe 6 Oz,$37.62,London
19,Kermit,Stonuary,kstonuarye9@themeforest.net,Sugar - Brown,$6.34,New York
24,Vanny,Josland,vjoslandea@elegantthemes.com,Bread Crumbs - Panko,$52.16,London
12,Clari,Leeming,cleemingeb@theatlantic.com,"Vodka - Lemon, Absolut",$42.89,Perth
4,Melva,Awcock,mawcockec@mashable.com,Veal - Knuckle,$54.83,Paris
1,Bride,Beharrell,bbeharrelled@ucsd.edu,Fennel,$38.74,Edinburgh
4,Yorke,Flucker,yfluckeree@virginia.edu,Beef - Montreal Smoked Brisket,$32.95,New York
15,Mavis,Wrench,mwrenchef@istockphoto.com,Pastry - Raisin Muffin - Mini,$13.24,Perth
9,Gerard,Mauger,gmaugereg@unicef.org,"Pepper - Black, Ground",$51.53,Paris
8,Baird,Dunsmuir,bdunsmuireh@mashable.com,Coffee - Decaffeinato Coffee,$30.33,New York
4,Jarrid,Simla,jsimlaei@psu.edu,"Beef - Tenderlion, Center Cut",$11.00,London
2,Ray,Jedrzejczyk,rjedrzejczykej@photobucket.com,"Bread - Crumbs, Bulk",$55.31,Perth
20,Berke,Feavers,bfeaversek@columbia.edu,Compound - Mocha,$48.42,Paris
31,Michele,Stothert,mstothertel@ifeng.com,Soup - Cream Of Broccoli,$58.65,Edinburgh
17,Gabriella,Sidaway,gsidawayem@dot.gov,"Cake Circle, Foil, Scallop",$53.64,New York
24,Whitney,Portinari,wportinarien@slideshare.net,Momiji Oroshi Chili Sauce,$58.05,Perth
5,Faun,Avrahamy,favrahamyeo@qq.com,Beer - Sleemans Honey Brown,$45.49,Paris
1,Teriann,Rustadge,trustadgeep@feedburner.com,Lamb - Rack,$1.80,London
6,Tedman,Greggor,tgreggoreq@imageshack.us,"Flour - Corn, Fine",$2.66,London
1,Jamie,Lankester,jlankesterer@blogs.com,"Vodka - Hot, Lnferno",$30.52,New York
1,Raina,Matanin,rmatanines@naver.com,"Iced Tea - Lemon, 460 Ml",$48.65,London
29,Tootsie,Soames,tsoameset@walmart.com,"Wine - Harrow Estates, Vidal",$18.95,Perth
19,Maurits,Bradlaugh,mbradlaugheu@comcast.net,"Sprite, Diet - 355ml",$14.43,Paris
25,Cathie,Mottram,cmottramev@youtu.be,"Bread - Roll, Soft White Round",$33.99,Edinburgh
30,Corette,Sills,csillsew@ft.com,Appetizer - Assorted Box,$26.91,New York
13,Deeanne,Sugg,dsuggex@slideshare.net,Cup - 8oz Coffee Perforated,$13.01,Perth
14,Bernardo,Burditt,bburdittey@ft.com,"Bread - Sticks, Thin, Plain",$56.48,New York
31,Eward,Kalkofen,ekalkofenez@amazon.co.uk,"Veal - Brisket, Provimi, Bone - In",$34.05,London
8,Kendra,Northern,knorthernf0@washingtonpost.com,Paper - Brown Paper Mini Cups,$2.20,Perth
27,Persis,Rosenkrantz,prosenkrantzf1@phpbb.com,Grapefruit - Pink,$11.41,Paris
2,Baily,Rocco,broccof2@mayoclinic.com,Ecolab - Lime - A - Way 4/4 L,$9.27,Edinburgh
3,Jobina,Dregan,jdreganf3@businessinsider.com,Chef Hat 20cm,$26.86,New York
17,Colleen,Curedell,ccuredellf4@ask.com,Wine - Sicilia Igt Nero Avola,$22.82,London
21,Herve,Wills,hwillsf5@adobe.com,Mushroom - King Eryingii,$47.94,Perth
20,Leontine,Mabley,lmableyf6@jugem.jp,Beer - Heinekin,$29.66,Paris
1,Frederigo,Confait,fconfaitf7@wikispaces.com,Pea - Snow,$10.51,Edinburgh
14,Cecilius,Breckell,cbreckellf8@disqus.com,Soup - Campbells - Chicken Noodle,$38.79,New York
16,Sylvan,Pelfer,spelferf9@wikia.com,Wiberg Super Cure,$14.15,Perth
31,Vallie,Harburtson,vharburtsonfa@imageshack.us,Oven Mitts 17 Inch,$12.38,Paris
14,Gabi,Stithe,gstithefb@unesco.org,Edible Flower - Mixed,$38.82,London
4,Maryrose,Midford,mmidfordfc@usnews.com,Potatoes - Fingerling 4 Oz,$17.34,London
8,Jethro,Craigheid,jcraigheidfd@unblog.fr,Coconut Milk - Unsweetened,$23.03,Perth
12,Madelene,D'Agostini,mdagostinife@123-reg.co.uk,Cleaner - Pine Sol,$15.46,New York
31,Konstance,Vedekhov,kvedekhovff@list-manage.com,Grenadillo,$20.03,London
19,Dorothea,Duddan,dduddanfg@google.co.uk,Apple - Granny Smith,$53.18,Perth
1,Lynn,Skeates,lskeatesfh@g.co,Cactus Pads,$55.73,Paris
2,Lucita,Lafontaine,llafontainefi@slashdot.org,Bread Sour Rolls,$17.39,Edinburgh
5,Arlyne,Todhunter,atodhunterfj@rakuten.co.jp,Truffle - Peelings,$53.62,New York
26,Tabbie,Gidden,tgiddenfk@fda.gov,Lid Tray - 12in Dome,$0.45,Perth
19,Daniel,Bubear,dbubearfl@ted.com,Turnip - Mini,$18.91,New York
11,Euell,Crummey,ecrummeyfm@hc360.com,Pizza Pizza Dough,$58.22,London
5,Crosby,Proffer,cprofferfn@hc360.com,Pork - Smoked Back Bacon,$3.09,Perth
5,Laurence,Lemon,llemonfo@themeforest.net,Duck - Whole,$18.18,Paris
28,Emile,Mayward,emaywardfp@homestead.com,Crab Brie In Phyllo,$38.19,Edinburgh
16,Willyt,Maroney,wmaroneyfq@plala.or.jp,Nori Sea Weed - Gold Label,$5.70,New York
31,Delores,Chetham,dchethamfr@quantcast.com,Spice - Chili Powder Mexican,$52.27,New York
28,Anatola,Meneo,ameneofs@vimeo.com,Arizona - Green Tea,$47.22,London
16,Karen,MacColm,kmaccolmft@utexas.edu,Ice Cream Bar - Oreo Sandwich,$23.15,Perth
15,Lane,Wackett,lwackettfu@elegantthemes.com,Walkers Special Old Whiskey,$5.96,Paris
5,Alessandra,Clegg,acleggfv@vkontakte.ru,Cinnamon Rolls,$56.01,Edinburgh
3,Kaspar,Storch,kstorchfw@trellian.com,Sauce - Mint,$22.47,New York
15,Terrye,Primmer,tprimmerfx@list-manage.com,Foam Cup 6 Oz,$47.07,Perth
1,Amata,Billo,abillofy@shareasale.com,Flavouring - Rum,$59.76,Paris
25,Rori,O'Day,rodayfz@t.co,Bar Mix - Lime,$32.32,London
12,Dolly,Candish,dcandishg0@pinterest.com,"Asparagus - Green, Fresh",$41.13,London
26,Rafaellle,Stilgoe,rstilgoeg1@cmu.edu,Rabbit - Saddles,$55.91,Perth
22,Malorie,Ker,mkerg2@mapquest.com,"Bread - Roll, Calabrese",$53.37,New York
30,Dorthy,Stutard,dstutardg3@ca.gov,"Beef - Tenderlion, Center Cut",$0.80,London
6,Maxine,Beckett,mbeckettg4@deliciousdays.com,Versatainer Nc - 8288,$39.96,New York
2,Merrill,Geraldo,mgeraldog5@cbc.ca,Aspic - Amber,$44.28,Paris
29,Sonnie,Girke,sgirkeg6@unicef.org,Teriyaki Sauce,$15.14,New York
4,Gordie,Scoullar,gscoullarg7@qq.com,Pastry - Plain Baked Croissant,$46.85,London
1,Dillie,Haydn,dhaydng8@chicagotribune.com,Scallops - U - 10,$21.71,Perth
12,Dalli,Pardon,dpardong9@joomla.org,Table Cloth 90x90 Colour,$40.61,Paris
9,Leonidas,Alderwick,lalderwickga@friendfeed.com,Dragon Fruit,$2.07,Edinburgh
23,Bastien,Aronson,baronsongb@wordpress.com,Water - Perrier,$29.60,New York
23,Matias,Crossan,mcrossangc@usda.gov,Kellogs All Bran Bars,$16.28,Perth
8,Linnell,Stoffersen,lstoffersengd@ft.com,Cornstarch,$25.66,Paris
29,Elberta,Kettlestring,ekettlestringge@usatoday.com,Pastry - Trippleberry Muffin - Mini,$31.43,London
2,Karly,Tompkins,ktompkinsgf@de.vu,Extract - Almond,$6.63,London
27,Iago,Laybourn,ilaybourngg@wisc.edu,Turnip - White,$18.43,Perth
24,Nick,Weine,nweinegh@google.co.jp,Ham - Black Forest,$17.30,New York
14,Caresse,Lander,clandergi@tinyurl.com,Onion Powder,$52.72,London
24,Ladonna,Eastam,leastamgj@shutterfly.com,Wine - Chateauneuf Du Pape,$28.51,New York
4,Hanan,Yezafovich,hyezafovichgk@reverbnation.com,Chocolate - Mi - Amere Semi,$48.37,New York
27,Bartlet,Deniske,bdeniskegl@pbs.org,"Octopus - Baby, Cleaned",$29.89,New York
8,Odelia,Kettles,okettlesgm@gnu.org,Oil - Peanut,$47.73,London
15,Josias,Gilstoun,jgilstoungn@networkadvertising.org,Cut Wakame - Hanawakaba,$13.62,Perth
7,Beulah,Dace,bdacego@yahoo.com,Appetizer - Seafood Assortment,$24.97,Paris
29,Zorina,Halshaw,zhalshawgp@businessweek.com,Beets - Mini Golden,$10.28,Edinburgh
14,Mickie,Tanswill,mtanswillgq@statcounter.com,Sprouts - Bean,$37.23,New York
21,Jason,Dockreay,jdockreaygr@ebay.co.uk,Bread Ww Cluster,$31.03,Perth
18,Dolley,Westberg,dwestberggs@etsy.com,Lobster - Base,$4.23,Paris
25,Adam,Vatini,avatinigt@google.it,"Iced Tea - Lemon, 460 Ml",$29.32,London
18,Harlene,Woolgar,hwoolgargu@blogs.com,Sauce - Soy Low Sodium - 3.87l,$1.56,London
13,Hannah,Ackroyd,hackroydgv@nyu.edu,Oil - Sunflower,$9.82,Perth
8,Gertrude,McKeating,gmckeatinggw@privacy.gov.au,"Pasta - Elbows, Macaroni, Dry",$55.19,New York
19,Sasha,Minucci,sminuccigx@1und1.de,Nori Sea Weed - Gold Label,$39.17,London
3,Avrom,Wassung,awassunggy@china.com.cn,"Cheese - Brie, Cups 125g",$27.95,New York
28,Olivier,Ornillos,oornillosgz@wisc.edu,Slt - Individual Portions,$41.51,Paris
12,Travis,Pippard,tpippardh0@hexun.com,"Veal - Brisket, Provimi,bnls",$47.80,New York
16,Ruthi,Josephy,rjosephyh1@storify.com,Spaghetti Squash,$48.66,London
7,Blanch,Rosewall,brosewallh2@sakura.ne.jp,Black Currants,$52.86,Perth
24,Anabelle,Pestricke,apestrickeh3@cnn.com,Extract - Raspberry,$48.84,Paris
11,Marilee,Jobes,mjobesh4@friendfeed.com,Langers - Ruby Red Grapfruit,$12.23,Edinburgh
21,Kerri,Bedlington,kbedlingtonh5@webmd.com,Stock - Fish,$24.56,New York
18,Daisie,Cockett,dcocketth6@pcworld.com,"Marjoram - Dried, Rubbed",$45.95,Perth
24,Kennan,Broun,kbrounh7@accuweather.com,"Sparkling Wine - Rose, Freixenet",$51.90,Paris
17,Dewitt,Leversha,dlevershah8@delicious.com,Carrots - Mini Red Organic,$31.72,London
8,Ansell,Allinson,aallinsonh9@businessinsider.com,"Tart Shells - Savory, 4",$26.09,London
28,Gwenette,Manders,gmandersha@sphinn.com,"Wine - Saint - Bris 2002, Sauv",$6.27,Perth
4,Charmaine,Hanbury,chanburyhb@patch.com,Mushroom - Crimini,$30.11,New York
6,Forester,Sproston,fsprostonhc@amazon.co.jp,Calvados - Boulard,$16.80,New York
8,Calida,Storah,cstorahhd@prweb.com,Bread - Focaccia Quarter,$2.01,London
17,Evelina,Disbrow,edisbrowhe@guardian.co.uk,Beer - Rickards Red,$26.11,Perth
27,Casi,Scranedge,cscranedgehf@github.io,Muffin Mix - Carrot,$11.26,Paris
27,Reider,Youell,ryouellhg@parallels.com,Wine - Ej Gallo Sonoma,$38.42,Edinburgh
29,Sybil,Jarratt,sjarratthh@com.com,Salmon Steak - Cohoe 6 Oz,$20.32,New York
15,Candy,Oldmeadow,coldmeadowhi@java.com,Muffin Hinge 117n,$54.22,Perth
31,Moe,Crosson,mcrossonhj@cbc.ca,Hot Chocolate - Individual,$17.68,Paris
18,Alida,Taber,ataberhk@ihg.com,Longos - Penne With Pesto,$56.73,London
14,Karly,Stucksbury,kstucksburyhl@bbc.co.uk,Cabbage - Savoy,$48.63,London
18,Phineas,Spriggs,pspriggshm@naver.com,Bandage - Flexible Neon,$34.06,Perth
26,Madge,Matyugin,mmatyuginhn@state.tx.us,Broom And Broom Rack White,$9.26,New York
21,Jonas,Rising,jrisingho@cbsnews.com,Anisette - Mcguiness,$18.92,London
10,Britteny,Ragdale,bragdalehp@clickbank.net,Appetizer - Lobster Phyllo Roll,$38.77,New York
20,Geri,Bostock,gbostockhq@npr.org,Bread - 10 Grain Parisian,$30.37,Paris
9,Timothy,Bernhardsson,tbernhardssonhr@ifeng.com,"Apple - Delicious, Red",$1.33,New York
10,Livvie,Yewdell,lyewdellhs@weebly.com,Beer - Upper Canada Light,$3.97,London
14,Thorndike,Linnit,tlinnitht@theguardian.com,"Beets - Candy Cane, Organic",$47.93,Perth
26,Minne,Haddrell,mhaddrellhu@seattletimes.com,Pumpkin,$11.73,Paris
28,Martha,Rossin,mrossinhv@yellowbook.com,Bamboo Shoots - Sliced,$26.62,Edinburgh
28,Lina,Goatcher,lgoatcherhw@homestead.com,Nantucket - Orange Mango Cktl,$51.68,New York
9,Dara,Sans,dsanshx@quantcast.com,Mushroom - King Eryingii,$0.96,Perth
22,Antonino,Messom,amessomhy@rediff.com,Cloves - Ground,$53.58,Paris
1,Kelwin,Shovlar,kshovlarhz@seesaa.net,Thyme - Fresh,$33.32,London
6,Pavel,Rea,preai0@microsoft.com,Water - Green Tea Refresher,$53.37,London
19,Kassandra,Idale,kidalei1@unesco.org,"Rum - White, Gg White",$28.99,Perth
6,Merilee,Jikovsky,mjikovskyi2@privacy.gov.au,Phyllo Dough,$0.66,New York
22,Angy,Nunns,anunnsi3@furl.net,Fuji Apples,$11.31,London
4,Bertha,Klaff,bklaffi4@histats.com,Muffin Mix - Banana Nut,$37.47,New York
17,Ethe,Jermey,ejermeyi5@europa.eu,Clementine,$46.16,Paris
24,Allys,O'Doherty,aodohertyi6@nps.gov,Ham - Black Forest,$50.30,New York
6,Chiquita,Bartoloma,cbartolomai7@51.la,Chocolate - White,$3.49,London
17,Northrop,Sunshine,nsunshinei8@icq.com,Syrup - Monin - Blue Curacao,$40.02,Perth
26,Isis,Rignold,irignoldi9@sina.com.cn,Wine - Redchard Merritt,$7.66,Paris
4,Con,Coley,ccoleyia@delicious.com,"Cheese - Manchego, Spanish",$2.67,Edinburgh
3,Elmira,Beane,ebeaneib@boston.com,Monkfish - Fresh,$6.31,New York
14,Konrad,Goodge,kgoodgeic@usa.gov,Juice - Apple 284ml,$51.37,Perth
30,Viki,Danhel,vdanhelid@eventbrite.com,Cheese - Shred Cheddar / Mozza,$55.45,Paris
22,Ase,Sills,asillsie@mayoclinic.com,Cloves - Whole,$46.72,London
8,Joye,Jagoe,jjagoeif@imageshack.us,Allspice - Jamaican,$14.87,London
24,Minda,Greenhall,mgreenhallig@yellowpages.com,"Pasta - Bauletti, Chicken White",$49.49,Perth
14,Nesta,Tichner,ntichnerih@1und1.de,Muffin Batt - Carrot Spice,$52.51,New York
9,Jaquelin,McLeary,jmclearyii@mail.ru,Cheese Cloth,$59.23,London
2,Todd,Sloam,tsloamij@stanford.edu,Vinegar - Tarragon,$42.21,New York
9,Daisey,Berzon,dberzonik@amazon.de,"Cup - 6oz, Foam",$56.53,Paris
29,Kathryne,Algar,kalgaril@vk.com,Seabream Whole Farmed,$53.16,New York
7,Mace,Mazzia,mmazziaim@rediff.com,Olive - Spread Tapenade,$48.47,London
13,Quintana,Antill,qantillin@google.it,Rambutan,$53.08,Perth
2,Penni,Ferrieres,pferrieresio@mozilla.org,Chinese Foods - Chicken,$37.18,Paris
7,Verla,Shortcliffe,vshortcliffeip@vinaora.com,Rabbit - Saddles,$10.23,Edinburgh
25,Otes,Taylo,otayloiq@studiopress.com,Oil - Avocado,$26.37,New York
7,Fanchon,Kesey,fkeseyir@google.com.au,Garlic - Peeled,$38.06,Perth
11,Katerine,Yakuntsov,kyakuntsovis@vinaora.com,Mustard - Individual Pkg,$19.85,Paris
10,Kizzie,Rotter,krotterit@deviantart.com,Nantucket - Orange Mango Cktl,$42.19,London
24,Kiri,Eltone,keltoneiu@reddit.com,Sobe - Orange Carrot,$10.70,London
23,Arin,Feasey,afeaseyiv@parallels.com,Pastry - French Mini Assorted,$44.66,Perth
16,Chalmers,Pleuman,cpleumaniw@myspace.com,Bread Fig And Almond,$56.94,New York
31,Bernardine,Firle,bfirleix@nhs.uk,Red Currant Jelly,$0.52,London
8,Blakelee,Dibley,bdibleyiy@hugedomains.com,Pernod,$11.29,New York
27,Jesus,Skevington,jskevingtoniz@creativecommons.org,Pepper - Green Thai,$31.58,Paris
27,Jacklyn,Twigge,jtwiggej0@privacy.gov.au,"Veal - Round, Eye Of",$16.13,Perth
5,Adrea,Veck,aveckj1@reference.com,Arrowroot,$58.42,Paris
15,Ruddie,Durram,rdurramj2@trellian.com,Nutmeg - Ground,$48.31,New York
29,Nana,ffrench Beytagh,nffrenchbeytaghj3@angelfire.com,Napkin White,$0.34,London
20,Domenic,Gauche,dgauchej4@economist.com,Triple Sec - Mcguinness,$13.23,Perth
22,Kyla,Mussettini,kmussettinij5@theglobeandmail.com,Flour - Teff,$15.06,Paris
29,Clywd,Celiz,ccelizj6@angelfire.com,Potatoes - Yukon Gold 5 Oz,$40.21,Edinburgh
7,Tann,Simmonds,tsimmondsj7@bbc.co.uk,Soup - Campbells Beef Stew,$47.68,New York
4,Portie,Moir,pmoirj8@cdc.gov,Irish Cream - Baileys,$21.86,Perth
31,Gary,McPharlain,gmcpharlainj9@wunderground.com,Chicken - Livers,$25.16,Paris
16,Titus,O'Sharry,tosharryja@bbc.co.uk,Flour - Masa De Harina Mexican,$30.53,London
6,Crichton,Russilll,crussillljb@illinois.edu,Island Oasis - Peach Daiquiri,$3.85,London
9,Leland,Pickworth,lpickworthjc@topsy.com,Pork Loin Cutlets,$10.54,Perth
2,Raphael,Lavery,rlaveryjd@prweb.com,Chips Potato Reg 43g,$35.01,New York
5,Denny,Reddings,dreddingsje@wikispaces.com,Coffee - Flavoured,$24.45,London
7,Isabella,Rappaport,irappaportjf@de.vu,Beef - Flank Steak,$27.14,Perth
4,Westley,Couves,wcouvesjg@altervista.org,Beer - Fruli,$10.97,Paris
28,Shandie,Whithorn,swhithornjh@thetimes.co.uk,V8 - Tropical Blend,$2.46,Edinburgh
14,Orran,Greenall,ogreenallji@utexas.edu,Cheese - Cream Cheese,$49.39,New York
10,Mackenzie,Doe,mdoejj@purevolume.com,"Pork - Sausage, Medium",$42.94,Perth
26,Averill,Bollin,abollinjk@parallels.com,"Pasta - Cannelloni, Sheets, Fresh",$53.37,Paris
30,Pauly,Karppi,pkarppijl@bloglovin.com,"Beans - Black Bean, Preserved",$37.60,London
22,Claus,Velten,cveltenjm@army.mil,Water - San Pellegrino,$14.53,London
4,Caldwell,Vannah,cvannahjn@nsw.gov.au,Coffee - Decafenated,$25.48,New York
26,Paolina,Blaza,pblazajo@squidoo.com,Glove - Cutting,$33.60,London
28,Haleigh,Lamprey,hlampreyjp@biglobe.ne.jp,Wine - Masi Valpolocell,$24.86,Perth
5,Camella,Thing,cthingjq@tiny.cc,Wine - Rioja Campo Viejo,$37.97,Paris
15,Ashely,Worsam,aworsamjr@va.gov,Stainless Steel Cleaner Vision,$44.30,Edinburgh
22,Harris,Simeoli,hsimeolijs@miitbeian.gov.cn,Kahlua,$35.53,New York
14,Farrand,Perrinchief,fperrinchiefjt@blog.com,Cheese - Taleggio D.o.p.,$53.43,Perth
5,Michale,Mealiffe,mmealiffeju@springer.com,"Bar Mix - Pina Colada, 355 Ml",$39.36,Paris
14,Oby,Yeo,oyeojv@icio.us,Cilantro / Coriander - Fresh,$17.18,New York
21,Omar,Crowch,ocrowchjw@msu.edu,"Vermouth - White, Cinzano",$34.63,London
27,Cymbre,Lopez,clopezjx@wisc.edu,Muffin Batt - Blueberry Passion,$44.67,Perth
6,Sholom,Plante,splantejy@ihg.com,Beef - Kobe Striploin,$5.39,Paris
21,Adey,Carletti,acarlettijz@senate.gov,Shrimp - 31/40,$11.64,Edinburgh
23,Algernon,Franzolini,afranzolinik0@moonfruit.com,Island Oasis - Sweet And Sour Mix,$5.90,New York
13,Carlyn,Jowling,cjowlingk1@digg.com,Sprouts - Baby Pea Tendrils,$33.74,Perth
7,Mateo,Szepe,mszepek2@sitemeter.com,Brandy Apricot,$52.86,Paris
20,Porty,Sprackling,pspracklingk3@foxnews.com,External Supplier,$47.18,London
8,Lucie,Lathbury,llathburyk4@umich.edu,Flour - All Purpose,$12.13,London
29,Elna,Ackenhead,eackenheadk5@ft.com,"Tabasco Sauce, 2 Oz",$43.38,New York
20,Meridith,Filintsev,mfilintsevk6@wp.com,Clam - Cherrystone,$13.82,London
8,Anny,Premble,apremblek7@sitemeter.com,Nori Sea Weed - Gold Label,$46.49,Perth
28,Val,Roggeman,vroggemank8@elegantthemes.com,Clam - Cherrystone,$55.22,Paris
19,Sebastien,Jantet,sjantetk9@si.edu,Water - Tonic,$56.52,Edinburgh
9,Sallyanne,Eadington,seadingtonka@washington.edu,Pate - Cognac,$33.67,New York
15,Cece,Thebeau,cthebeaukb@ow.ly,Honey - Liquid,$50.94,Perth
29,Nero,Jacombs,njacombskc@weebly.com,Wine - Chateau Timberlay,$23.77,New York
1,Loise,Wisniowski,lwisniowskikd@friendfeed.com,Mousse - Passion Fruit,$7.46,London
27,Loleta,Crossley,lcrossleyke@zdnet.com,Cookie Trail Mix,$17.48,Perth
28,Moshe,Elloit,melloitkf@mozilla.com,Blue Curacao - Marie Brizard,$1.95,Paris
12,Troy,Corstorphine,tcorstorphinekg@wsj.com,Cookies - Assorted,$32.60,Edinburgh
24,Donnajean,Easton,deastonkh@cdc.gov,Mousse - Banana Chocolate,$52.13,New York
12,Cristal,Lomb,clombki@w3.org,Pork - Inside,$52.24,London
10,Bethany,Fareweather,bfareweatherkj@uiuc.edu,Cheese - Mix,$28.91,Perth
10,Sue,Hansford,shansfordkk@cnet.com,Neckerchief Blck,$10.70,Paris
7,Natal,Byforth,nbyforthkl@t.co,Chocolate - Dark,$48.33,Edinburgh
19,Roxane,Marsh,rmarshkm@sogou.com,Eggplant - Asian,$16.11,New York
26,Nels,Petrou,npetroukn@fastcompany.com,Island Oasis - Ice Cream Mix,$53.25,Perth
12,Fionna,Lembcke,flembckeko@over-blog.com,Tomatoes - Orange,$11.52,Paris
19,Aeriela,Vickars,avickarskp@php.net,Cumin - Ground,$5.31,New York
29,Sherlock,Tomasini,stomasinikq@cbslocal.com,"Stock - Beef, Brown",$38.82,London
21,Doyle,Brumham,dbrumhamkr@ox.ac.uk,Vegetable - Base,$23.16,Perth
30,Marjie,Das,mdasks@yahoo.com,"Juice - Orange, Concentrate",$51.14,Paris
13,Maureen,Brooker,mbrookerkt@guardian.co.uk,Flounder - Fresh,$9.59,Edinburgh
20,Julianna,Brookson,jbrooksonku@vimeo.com,Drambuie,$43.94,New York
14,Thorsten,Dudson,tdudsonkv@sciencedaily.com,Banana Turning,$26.29,Perth
19,Freddie,Mazey,fmazeykw@time.com,Food Colouring - Orange,$24.22,Paris
31,Livia,Curro,lcurrokx@hatena.ne.jp,Pie Box - Cello Window 2.5,$0.83,London
4,Crystal,Fairbairn,cfairbairnky@hibu.com,Swiss Chard - Red,$5.02,London
14,Brendin,Wealleans,bwealleanskz@exblog.jp,Oyster - In Shell,$20.93,Perth
24,Feliks,Fredson,ffredsonl0@uiuc.edu,"Cup - 3.5oz, Foam",$45.55,New York
8,Brooks,Barthropp,bbarthroppl1@woothemes.com,Tarragon - Fresh,$44.11,London
13,Filia,Pittock,fpittockl2@youtu.be,"Chocolate - Pistoles, Lactee, Milk",$26.49,New York
6,Anabelle,Chrippes,achrippesl3@apple.com,Kellogs Raisan Bran Bars,$22.05,Paris
15,Onfre,Colbert,ocolbertl4@dedecms.com,Lychee,$37.14,New York
6,Spense,Eshelby,seshelbyl5@europa.eu,Wine - Magnotta - Cab Franc,$19.63,London
18,Patsy,Cumbridge,pcumbridgel6@walmart.com,Rappini - Andy Boy,$5.59,Perth
31,Casey,Berr,cberrl7@so-net.ne.jp,Dooleys Toffee,$35.82,Paris
26,Jannelle,Sotworth,jsotworthl8@furl.net,Gatorade - Lemon Lime,$5.02,Edinburgh
5,Spike,Gosdin,sgosdinl9@macromedia.com,Garbage Bags - Black,$23.18,New York
27,Orsa,Slograve,oslogravela@purevolume.com,Coffee Cup 8oz 5338cd,$22.01,Perth
21,Kalina,Gartin,kgartinlb@rakuten.co.jp,Soupfoamcont12oz 112con,$48.10,Paris
26,Sonya,Isitt,sisittlc@soundcloud.com,Shichimi Togarashi Peppeers,$5.19,London
4,Berenice,Gheeraert,bgheeraertld@oakley.com,Bacardi Breezer - Tropical,$27.00,London
16,Cristy,Scholig,cscholigle@epa.gov,Melon - Honey Dew,$36.95,Perth
8,Symon,Thaine,sthainelf@usgs.gov,Wine - Alicanca Vinho Verde,$17.32,New York
2,Elie,Swayte,eswaytelg@cyberchimps.com,Ice Cream Bar - Hageen Daz To,$18.98,New York
13,Tracie,Forrest,tforrestlh@yale.edu,Potatoes - Idaho 80 Count,$24.31,London
12,Kevyn,Vanyukhin,kvanyukhinli@statcounter.com,Pepper - Cubanelle,$33.98,Perth
11,Othella,Maken,omakenlj@cnbc.com,"Bread - Pita, Mini",$53.61,Paris
7,Cathrin,Bushell,cbushelllk@prweb.com,Table Cloth 54x72 Colour,$37.60,Edinburgh
8,Terri,Legat,tlegatll@youtu.be,Bread - Wheat Baguette,$30.82,New York
30,Mohammed,Walkingshaw,mwalkingshawlm@aboutads.info,Horseradish - Prepared,$59.95,Perth
18,Andrej,McInteer,amcinteerln@about.me,Vodka - Moskovskaya,$45.62,Paris
14,Tedi,Leyfield,tleyfieldlo@google.nl,Ice Cream Bar - Oreo Cone,$41.24,London
3,Augusta,Goodchild,agoodchildlp@wikispaces.com,Celery Root,$8.75,London
30,Rabi,Gorioli,rgoriolilq@craigslist.org,Muffin Mix - Oatmeal,$36.66,Perth
12,Franciskus,Cremins,fcreminslr@pbs.org,"Veal - Chops, Split, Frenched",$46.57,New York
10,Deny,Blaza,dblazals@census.gov,"Artichoke - Hearts, Canned",$20.27,London
7,Sherie,Whitland,swhitlandlt@newyorker.com,"Capon - Breast, Double, Wing On",$53.78,New York
14,Daffi,Bediss,dbedisslu@tuttocitta.it,Capicola - Hot,$47.53,Paris
4,Suzanne,Rickson,sricksonlv@blog.com,Canada Dry,$43.65,New York
20,Wileen,Vernazza,wvernazzalw@latimes.com,Artichoke - Fresh,$37.85,London
10,Rhianna,Slatten,rslattenlx@about.com,Wine - Prosecco Valdobiaddene,$13.85,Perth
19,Hendrick,Jantzen,hjantzenly@tinypic.com,Ecolab - Hobart Washarm End Cap,$46.58,Paris
26,Gram,Standidge,gstandidgelz@usatoday.com,Bread - Dark Rye,$36.34,Edinburgh
6,Rora,Blennerhassett,rblennerhassettm0@marketwatch.com,Numi - Assorted Teas,$39.54,New York
20,Antonetta,Pountain,apountainm1@webs.com,Mayonnaise - Individual Pkg,$40.96,Perth
24,Daffy,Tiddy,dtiddym2@phoca.cz,"Iced Tea - Lemon, 460 Ml",$38.93,Paris
11,Camellia,Driffe,cdriffem3@i2i.jp,Wine - Pinot Noir Latour,$41.15,London
30,Marnie,Braam,mbraamm4@trellian.com,Olives - Kalamata,$29.66,London
24,Penny,Rops,propsm5@sakura.ne.jp,Creamers - 10%,$17.24,Perth
22,Chaddy,Woliter,cwoliterm6@loc.gov,Sausage - Chorizo,$33.88,New York
6,Meriel,Westell,mwestellm7@mac.com,Mushroom - Portebello,$14.88,London
29,Brod,Seear,bseearm8@theguardian.com,Zucchini - Yellow,$21.39,New York
9,Thomasin,Furmage,tfurmagem9@microsoft.com,"Mustard - Dry, Powder",$26.34,Paris
7,Burg,Bloore,bbloorema@gov.uk,Snapple Raspberry Tea,$9.84,New York
29,Tymothy,Wathen,twathenmb@about.me,Thyme - Dried,$23.11,London
9,Karel,Gotobed,kgotobedmc@aol.com,"Rum - White, Gg White",$1.47,Perth
26,Dorthea,Verring,dverringmd@japanpost.jp,Chocolate - Liqueur Cups With Foil,$40.40,Paris
31,Claiborn,Dewbury,cdewburyme@vk.com,Muffin Batt - Blueberry Passion,$13.45,Edinburgh
14,Elke,Goodbairn,egoodbairnmf@craigslist.org,Pie Filling - Cherry,$1.83,New York
12,Valene,Wogden,vwogdenmg@sitemeter.com,Daves Island Stinger,$29.42,Perth
3,Tricia,Helleker,thellekermh@bandcamp.com,Sponge Cake Mix - Vanilla,$28.17,Paris
25,Shannen,Allflatt,sallflattmi@netlog.com,Flour - Fast / Rapid,$52.89,London
15,Glory,Clewes,gclewesmj@howstuffworks.com,"Basil - Dry, Rubbed",$24.93,London
21,Waiter,Britnell,wbritnellmk@bandcamp.com,Muffins - Assorted,$0.85,Perth
20,Charo,Marquot,cmarquotml@theguardian.com,Strawberries - California,$4.45,New York
13,Cecile,Genge,cgengemm@last.fm,Onion - Dried,$52.01,London
4,Franklin,M'Quharge,fmquhargemn@webeden.co.uk,"Salmon - Atlantic, Fresh, Whole",$29.45,New York
26,Nomi,Foard,nfoardmo@ocn.ne.jp,Soup - Campbells Mushroom,$28.62,Paris
9,Reinwald,Heindl,rheindlmp@imageshack.us,"Lemonade - Black Cherry, 591 Ml",$17.01,New York
16,Emili,Heibl,eheiblmq@newsvine.com,Silicone Paper 16.5x24,$35.34,London
14,Tito,Blincow,tblincowmr@w3.org,"Water - Mineral, Carbonated",$57.85,Perth
26,Marrilee,Kinsett,mkinsettms@hao123.com,Initation Crab Meat,$34.14,Paris
19,Farlee,Hardinge,fhardingemt@gov.uk,Cocoa Butter,$31.48,Edinburgh
12,Letizia,Brownsett,lbrownsettmu@salon.com,Bread Foccacia Whole,$45.23,New York
8,Erny,Godwin,egodwinmv@harvard.edu,Cheese - Ricotta,$36.80,Perth
24,Maddie,Fuente,mfuentemw@bloomberg.com,Sobe - Cranberry Grapefruit,$38.89,Paris
21,Bowie,Brunn,bbrunnmx@slideshare.net,Chocolate - Dark Callets,$9.56,London
10,Peterus,MacHarg,pmachargmy@seattletimes.com,"Wine - Red, Concha Y Toro",$15.17,London
22,Dimitry,Maytom,dmaytommz@oracle.com,Bread - White Epi Baguette,$31.18,Perth
12,Renaud,Baugham,rbaughamn0@jiathis.com,Turnip - White,$45.03,New York
31,Shadow,Panas,spanasn1@archive.org,Bacardi Breezer - Strawberry,$37.23,London
9,Harald,Gouldsmith,hgouldsmithn2@wordpress.com,"Schnappes - Peach, Walkers",$44.97,New York
24,Floria,Cockaday,fcockadayn3@dailymotion.com,Amarula Cream,$18.46,Paris
13,Elden,Beine,ebeinen4@posterous.com,Wine - Charddonnay Errazuriz,$9.95,Perth
3,Baillie,Mungin,bmunginn5@ft.com,"Rum - Light, Captain Morgan",$59.65,Paris
11,Ronni,Wittier,rwittiern6@4shared.com,"Marjoram - Dried, Rubbed",$1.70,New York
29,Sabine,Treasure,streasuren7@oakley.com,Cafe Royale,$45.06,London
4,Babita,Stubbes,bstubbesn8@mlb.com,Beer - True North Lager,$1.87,Perth
17,Eberto,Haworth,ehaworthn9@privacy.gov.au,Bar Special K,$29.50,Paris
13,Galen,Dryburgh,gdryburghna@apple.com,Beets - Pickled,$19.12,Edinburgh
22,Esther,Glacken,eglackennb@mashable.com,Chocolate - Dark Callets,$55.82,New York
28,Morgan,Bondley,mbondleync@mozilla.org,Spinach - Packaged,$15.28,Perth
6,Nadean,Huckstepp,nhucksteppnd@bbb.org,Pepper - Sorrano,$17.75,Paris
9,Julius,Thorington,jthoringtonne@army.mil,Soup Campbells - Tomato Bisque,$15.23,London
12,Corty,Shyre,cshyrenf@sciencedaily.com,Irish Cream - Baileys,$0.10,London
8,Ephraim,McTavish,emctavishng@google.pl,Soup - Campbells,$13.47,Perth
3,Ranee,Pond,rpondnh@cnn.com,"Pepper - Black, Crushed",$34.78,New York
21,Izak,Venediktov,ivenediktovni@miibeian.gov.cn,Chicken - Soup Base,$13.00,London
28,Klemens,Proudler,kproudlernj@gizmodo.com,Snapple Raspberry Tea,$52.06,Perth
10,Katherine,Sellack,ksellacknk@state.tx.us,Glass - Juice Clear 5oz 55005,$17.73,Paris
18,Gwendolin,Kleisle,gkleislenl@sciencedirect.com,Cheese - Mix,$23.59,Edinburgh
14,Manda,Awty,mawtynm@barnesandnoble.com,Milk Powder,$12.41,New York
19,Karie,Pitkin,kpitkinnn@examiner.com,"Wine - White, Concha Y Toro",$22.36,Perth
8,Juanita,Hutsby,jhutsbyno@bing.com,Cornflakes,$24.53,Paris
15,Delinda,Tippings,dtippingsnp@so-net.ne.jp,Coriander - Ground,$40.82,London
12,Aguie,McMonies,amcmoniesnq@ehow.com,Tart - Lemon,$48.76,London
4,Weylin,Cruz,wcruznr@soundcloud.com,Bread - French Baquette,$8.35,New York
8,Wash,Crutcher,wcrutcherns@1und1.de,Plastic Wrap,$42.35,London
9,Cassandra,Cartmer,ccartmernt@opera.com,Bread Base - Toscano,$2.36,Perth
18,Dominick,Terrett,dterrettnu@histats.com,Everfresh Products,$52.31,Paris
20,Glory,Greed,ggreednv@youku.com,Seabream Whole Farmed,$32.33,Edinburgh
8,Sigfrid,Paulack,spaulacknw@amazon.com,Pork Ham Prager,$33.81,New York
23,Ella,Marde,emardenx@bravesites.com,Sauce - Soy Low Sodium - 3.87l,$47.91,Perth
20,Vyky,Greet,vgreetny@unblog.fr,Bacardi Mojito,$56.40,Paris
15,Eliot,Applegarth,eapplegarthnz@princeton.edu,Sage - Rubbed,$45.68,New York
20,Lothaire,Conew,lconewo0@themeforest.net,Bread - Granary Small Pull,$55.29,London
23,Urbano,Sebrook,usebrooko1@opera.com,Cream - 18%,$44.67,Perth
21,Paco,Challiss,pchallisso2@eventbrite.com,"Veal - Chops, Split, Frenched",$43.87,New York
18,Othilie,Duckwith,oduckwitho3@princeton.edu,Chocolate Bar - Reese Pieces,$19.64,London
29,Bent,Menichelli,bmenichellio4@parallels.com,Sobe - Orange Carrot,$29.28,Perth
2,Garvin,Rosenthal,grosenthalo5@yale.edu,Filling - Mince Meat,$39.72,Paris
16,Kevyn,Nesbeth,knesbetho6@tumblr.com,Bar Special K,$38.98,Edinburgh
11,Orazio,Kezor,okezoro7@sina.com.cn,Beer - Paulaner Hefeweisse,$32.78,New York
14,Brunhilda,Harradence,bharradenceo8@livejournal.com,Gelatine Powder,$45.34,Perth
13,Courtney,Jozwiak,cjozwiako9@wisc.edu,Garbage Bags - Black,$52.16,Paris
31,Gaultiero,Remer,gremeroa@guardian.co.uk,Quail - Jumbo Boneless,$17.03,London
30,Calhoun,Greson,cgresonob@trellian.com,Soup - Campbells Asian Noodle,$3.31,London
1,Jobie,Kilduff,jkilduffoc@nydailynews.com,Juice - Apple Cider,$37.71,Perth
11,Mamie,Treanor,mtreanorod@newyorker.com,"Trout - Rainbow, Fresh",$19.00,New York
8,Berkie,Baldocci,bbaldoccioe@psu.edu,Lamb - Ground,$2.73,London
13,Suzann,Redpath,sredpathof@pcworld.com,Table Cloth 144x90 White,$55.30,New York
3,Virgie,Umbers,vumbersog@aol.com,Beef - Eye Of Round,$31.44,Paris
25,Rachelle,Kyston,rkystonoh@wikia.com,Muffin Hinge Container 6,$15.19,New York
19,Sunshine,Darthe,sdartheoi@delicious.com,Red Currants,$27.88,London
14,Gertruda,Bromont,gbromontoj@oracle.com,Water - Green Tea Refresher,$9.24,Perth
8,Carmela,Mourge,cmourgeok@netvibes.com,Wine - Rhine Riesling Wolf Blass,$51.23,Paris
27,Cassondra,Seyers,cseyersol@guardian.co.uk,Soup - Campbells Beef Noodle,$18.23,Edinburgh
14,Bertram,Gillbe,bgillbeom@bizjournals.com,Eggplant Italian,$51.45,New York
15,Marietta,Caven,mcavenon@china.com.cn,Coffee - Espresso,$11.85,Perth
21,Stormie,Pembridge,spembridgeoo@privacy.gov.au,Oil - Pumpkinseed,$5.94,Paris
15,Burnard,Emmitt,bemmittop@wp.com,Venison - Ground,$48.30,London
13,Chrisy,Coffin,ccoffinoq@google.com.au,"Soup - Campbells, Spinach Crm",$6.25,London
3,Christa,Blenkinsop,cblenkinsopor@mlb.com,Chips Potato Salt Vinegar 43g,$42.70,Perth
7,Flinn,Molyneux,fmolyneuxos@flavors.me,Wine - Fat Bastard Merlot,$2.19,New York
8,Palm,Clatworthy,pclatworthyot@ameblo.jp,Mousse - Mango,$37.03,New York
12,Bobette,Dodell,bdodellou@alibaba.com,Bread Crumbs - Japanese Style,$11.78,London
9,Matt,Baudains,mbaudainsov@e-recht24.de,Beer - Tetleys,$26.79,Perth
19,Adelaide,Goulder,agoulderow@google.co.uk,"Pasta - Fettuccine, Dry",$38.36,Paris
9,Forrest,Gerber,fgerberox@privacy.gov.au,Cheese - Le Cheve Noir,$22.54,Edinburgh
16,Elsa,Verey,evereyoy@vk.com,Gherkin,$24.16,New York
15,Sayer,Emanueli,semanuelioz@histats.com,Crackers - Water,$8.13,Perth
20,Demetria,Paxforde,dpaxfordep0@loc.gov,Flour - So Mix Cake White,$28.35,Paris
12,Nicola,Gladding,ngladdingp1@de.vu,Muffin Mix - Lemon Cranberry,$53.81,London
13,Roth,Vitall,rvitallp2@vk.com,Ocean Spray - Kiwi Strawberry,$14.51,London
3,Renato,Polglaze,rpolglazep3@sbwire.com,Madeira,$28.91,Perth
11,Tina,Balog,tbalogp4@tinyurl.com,Tea - Green,$11.02,New York
9,Obadias,Suter,osuterp5@sitemeter.com,Wine - Casillero Del Diablo,$54.37,London
25,Annis,Sisson,asissonp6@amazon.com,Cake Sheet Combo Party Pack,$52.98,New York
12,Dulcinea,Goater,dgoaterp7@google.it,Kiwi Gold Zespri,$38.55,Paris
18,Janaya,Seely,jseelyp8@ox.ac.uk,Pepper - Green,$35.41,New York
18,Anatollo,Lethbridge,alethbridgep9@cbsnews.com,Juice - Lime,$6.00,London
3,Liza,MacKey,lmackeypa@chicagotribune.com,Mushroom - Crimini,$10.84,Perth
7,Dahlia,Lyffe,dlyffepb@biblegateway.com,Graham Cracker Mix,$22.70,Paris
21,Crysta,Kener,ckenerpc@gov.uk,Juice - Orange 1.89l,$18.89,Edinburgh
11,Atalanta,Hawksworth,ahawksworthpd@cnbc.com,Sword Pick Asst,$35.74,New York
7,Ros,Annear,rannearpe@nifty.com,Bag Clear 10 Lb,$40.46,Perth
8,Ophelia,Gapp,ogapppf@tripadvisor.com,Kolrabi,$23.59,Paris
2,Israel,Frie,ifriepg@wp.com,Pepper - Chilli Seeds Mild,$59.45,London
18,Geno,Rosenfield,grosenfieldph@drupal.org,Water - Aquafina Vitamin,$59.94,London
4,Wolfie,Kingswoode,wkingswoodepi@blinklist.com,Bag - Regular Kraft 20 Lb,$32.17,Perth
15,Uri,Ellesworthe,uellesworthepj@geocities.jp,Pork Loin Cutlets,$23.86,New York
12,West,Bambery,wbamberypk@jiathis.com,Tia Maria,$39.53,London
31,Alfy,Vennings,avenningspl@princeton.edu,Eggwhite Frozen,$45.33,New York
1,Leone,Morey,lmoreypm@apache.org,Veal - Kidney,$23.44,Paris
12,Der,Medeway,dmedewaypn@ycombinator.com,Browning Caramel Glace,$38.63,New York
3,Erwin,Swidenbank,eswidenbankpo@t-online.de,Soup - French Onion,$5.73,London
18,Mitchell,Waplinton,mwaplintonpp@cnbc.com,"Ice - Clear, 300 Lb For Carving",$33.12,Perth
16,Biddy,Sample,bsamplepq@sina.com.cn,"Trout - Rainbow, Fresh",$7.59,Paris
16,Jaine,Faulkes,jfaulkespr@ovh.net,Sansho Powder,$10.03,Edinburgh
6,Willa,Halbard,whalbardps@cbsnews.com,Mushroom - Morel Frozen,$12.13,New York
28,Elias,Farguhar,efarguharpt@indiegogo.com,Beer - Maudite,$50.69,Perth
16,Lyman,Wray,lwraypu@blogtalkradio.com,Eggplant - Baby,$15.97,Paris
7,Hendrick,Eggleston,hegglestonpv@amazon.co.jp,Pate - Peppercorn,$50.56,London
16,Gregoor,Barme,gbarmepw@usatoday.com,Nut - Macadamia,$4.15,London
6,Felicio,Memory,fmemorypx@domainmarket.com,Coffee Cup 16oz Foam,$37.74,Perth
18,Bernita,Garlant,bgarlantpy@live.com,"Cheese - Manchego, Spanish",$17.74,New York
5,Genvieve,Gotecliffe,ggotecliffepz@cargocollective.com,Bandage - Finger Cots,$47.28,London
24,Kerk,Este,kesteq0@nba.com,Mortadella,$50.36,New York
30,Farley,Stollard,fstollardq1@cocolog-nifty.com,"Lamb - Pieces, Diced",$23.42,Paris
27,Garvey,Hacquel,ghacquelq2@mysql.com,Lamb - Shanks,$57.70,New York
26,Melessa,Kenewell,mkenewellq3@msu.edu,Wiberg Cure,$40.03,London
3,Padgett,Burgoine,pburgoineq4@cdbaby.com,Assorted Desserts,$43.80,Perth
2,Sloan,Ollerearnshaw,sollerearnshawq5@sciencedaily.com,Skirt - 29 Foot,$43.64,Paris
15,Lisa,Juliano,ljulianoq6@reddit.com,Puree - Passion Fruit,$31.82,Edinburgh
12,Damiano,Mouan,dmouanq7@woothemes.com,Island Oasis - Ice Cream Mix,$59.14,New York
1,Clara,Tousey,ctouseyq8@google.nl,Gelatine Powder,$17.96,Perth
28,Bradford,Pawlett,bpawlettq9@slate.com,"Oil - Olive, Extra Virgin",$33.65,Paris
12,Carroll,Bartle,cbartleqa@sakura.ne.jp,Potatoes - Fingerling 4 Oz,$50.91,London
15,Guthrey,Brickstock,gbrickstockqb@paypal.com,Tomatillo,$59.92,London
23,Dilly,Synder,dsynderqc@github.io,Lotus Leaves,$35.51,Perth
18,Titus,Steinor,tsteinorqd@qq.com,Flower - Commercial Bronze,$8.00,New York
23,Sascha,Hyndley,shyndleyqe@bloomberg.com,Beer - Moosehead,$30.63,London
20,Marv,Narducci,mnarducciqf@google.com.hk,Island Oasis - Peach Daiquiri,$7.32,New York
10,Richy,Szabo,rszaboqg@sogou.com,Wine - Valpolicella Masi,$0.28,Paris
21,Desmond,Beretta,dberettaqh@weebly.com,"Yogurt - Cherry, 175 Gr",$27.63,Perth
25,Broddy,Oliphant,boliphantqi@marketwatch.com,Spice - Montreal Steak Spice,$45.58,Paris
26,Freida,Lantiff,flantiffqj@umn.edu,Energy Drink - Franks Original,$42.14,New York
18,Glynnis,Dunthorn,gdunthornqk@deviantart.com,Chicken - Bones,$16.98,London
22,Nicol,Windous,nwindousql@mysql.com,Cake - Sheet Strawberry,$4.12,Perth
15,Sarene,Mather,smatherqm@google.fr,Corn Meal,$21.07,Paris
18,Lu,Perin,lperinqn@trellian.com,Cream - 10%,$52.76,Edinburgh
10,Alexandre,Gonnelly,agonnellyqo@yellowpages.com,Ham - Procutinni,$0.76,New York
19,Cassie,Illiston,cillistonqp@sitemeter.com,Cheese - Parmesan Grated,$3.69,Perth
24,Iorgos,Seefeldt,iseefeldtqq@oaic.gov.au,"Veal - Chops, Split, Frenched",$49.73,Paris
12,Daria,Ragot,dragotqr@huffingtonpost.com,"Coke - Diet, 355 Ml",$15.71,London
5,Far,Frantzen,ffrantzenqs@hibu.com,Cheese Cloth No 100,$38.11,London
12,Brion,Scamaden,bscamadenqt@feedburner.com,Wine - Chardonnay Mondavi,$34.00,Perth
26,Renie,Illston,rillstonqu@tripod.com,Plate Foam Laminated 9in Blk,$32.64,New York
13,Phillis,Hamor,phamorqv@networkadvertising.org,Rice Wine - Aji Mirin,$10.34,London
8,Jillie,Yashnov,jyashnovqw@prweb.com,Sugar - Splenda Sweetener,$56.90,Perth
15,Udell,Crame,ucrameqx@infoseek.co.jp,Sugar - Crumb,$5.65,Paris
21,Antoinette,Almey,aalmeyqy@technorati.com,"Tomatoes - Vine Ripe, Yellow",$56.22,Edinburgh
26,Vasilis,Allsobrook,vallsobrookqz@reverbnation.com,Cardamon Ground,$19.41,New York
8,Alford,Emerson,aemersonr0@umn.edu,Coffee - Egg Nog Capuccino,$44.96,Perth
10,Deni,O'Howbane,dohowbaner1@house.gov,Vinegar - Balsamic,$58.86,Paris
11,Jo,Ghilardi,jghilardir2@bing.com,Rice - Basmati,$46.94,London
5,Thomasa,Cranstone,tcranstoner3@i2i.jp,"Lentils - Red, Dry",$27.89,London
5,Morlee,Rockell,mrockellr4@sakura.ne.jp,"Beans - Long, Chinese",$11.35,New York
4,Boris,Fulep,bfulepr5@miibeian.gov.cn,Yoghurt Tubes,$42.81,London
7,Ram,MacCosto,rmaccostor6@tmall.com,Pork - Bacon Cooked Slcd,$37.51,Perth
26,Ebeneser,Ardy,eardyr7@hubpages.com,Appetizer - Smoked Salmon / Dill,$35.66,Paris
5,Jacob,Naldrett,jnaldrettr8@bing.com,Water - Perrier,$3.33,Edinburgh
20,Hattie,Atling,hatlingr9@paypal.com,Cumin - Ground,$47.01,New York
21,Gerianne,Bownde,gbowndera@usnews.com,Shallots,$4.59,Perth
4,Morgen,Doxey,mdoxeyrb@bing.com,Oxtail - Cut,$1.93,Paris
19,Theo,McGaughie,tmcgaughierc@nsw.gov.au,Pork - Hock And Feet Attached,$38.33,New York
24,Pavla,Sjostrom,psjostromrd@nature.com,Pepper - Green,$12.94,London
18,Anselm,Moulds,amouldsre@sciencedaily.com,Capon - Whole,$54.91,Perth
9,Patrick,Crone,pcronerf@liveinternet.ru,Chocolate - Milk,$23.89,Paris
22,Perl,Chiese,pchieserg@arstechnica.com,Milk - Skim,$30.88,Edinburgh
24,Horatio,Armin,harminrh@discovery.com,"Stock - Veal, Brown",$15.15,New York
14,Stirling,Strahan,sstrahanri@bbb.org,Garlic,$37.59,Perth
30,Adelaide,Duding,adudingrj@cdbaby.com,Jolt Cola - Red Eye,$26.92,Paris
31,Bram,Widdison,bwiddisonrk@chicagotribune.com,"Pasta - Lasagna Noodle, Frozen",$33.53,London
13,Darwin,Ingarfield,dingarfieldrl@histats.com,"Red Snapper - Fresh, Whole",$39.36,London
2,Shelly,Sheffield,ssheffieldrm@prlog.org,Cake - Cake Sheet Macaroon,$4.85,New York
25,Chen,Chinge,cchingern@soup.io,Shark - Loin,$35.94,London
18,Faydra,Claughton,fclaughtonro@theglobeandmail.com,Tia Maria,$17.97,Perth
26,Brockie,Shemwell,bshemwellrp@live.com,Soup Campbells - Tomato Bisque,$55.06,Paris
20,Flin,Drohane,fdrohanerq@dmoz.org,Steampan - Foil,$40.60,Edinburgh
1,Jaymie,Stivey,jstiveyrr@booking.com,Pumpkin - Seed,$18.63,New York
